iso2,year,cases,sex,age
AD,2005,0.0,m,0-14
AD,2006,0.0,m,0-14
AD,2008,0.0,m,0-14
AE,2008,0.0,m,0-14
AL,2005,0.0,m,0-14
AL,2006,10.0,m,0-14
AL,2007,0.0,m,0-14
AM,2005,6.0,m,0-14
AM,2006,0.0,m,0-14
AM,2007,2.0,m,0-14
AM,2008,0.0,m,0-14
AR,2008,138.0,m,0-14
AT,2005,2.0,m,0-14
AT,2006,2.0,m,0-14
AZ,2005,154.0,m,0-14
AZ,2006,12.0,m,0-14
BA,2005,2.0,m,0-14
BA,2006,0.0,m,0-14
BA,2007,0.0,m,0-14
BA,2008,0.0,m,0-14
BB,2008,0.0,m,0-14
BE,2005,2.0,m,0-14
BE,2006,8.0,m,0-14
BE,2008,6.0,m,0-14
BG,2005,18.0,m,0-14
BG,2008,4.0,m,0-14
BH,2008,0.0,m,0-14
BN,2008,0.0,m,0-14
BR,2008,596.0,m,0-14
BS,2008,0.0,m,0-14
BW,2008,54.0,m,0-14
BZ,2008,2.0,m,0-14
CA,2008,4.0,m,0-14
CH,2005,2.0,m,0-14
CH,2006,2.0,m,0-14
CH,2007,0.0,m,0-14
CH,2008,0.0,m,0-14
CM,2008,108.0,m,0-14
CY,2005,0.0,m,0-14
CY,2006,0.0,m,0-14
CY,2007,0.0,m,0-14
CY,2008,0.0,m,0-14
CZ,2005,0.0,m,0-14
CZ,2006,0.0,m,0-14
CZ,2007,0.0,m,0-14
CZ,2008,0.0,m,0-14
DE,2005,12.0,m,0-14
DE,2006,4.0,m,0-14
DE,2007,4.0,m,0-14
DE,2008,4.0,m,0-14
DK,2005,0.0,m,0-14
DK,2006,0.0,m,0-14
DK,2007,0.0,m,0-14
DK,2008,0.0,m,0-14
DM,2008,0.0,m,0-14
DO,2008,32.0,m,0-14
EE,2005,0.0,m,0-14
EE,2006,0.0,m,0-14
EE,2007,0.0,m,0-14
EE,2008,0.0,m,0-14
EG,2008,26.0,m,0-14
ES,2005,26.0,m,0-14
ES,2006,36.0,m,0-14
ES,2007,20.0,m,0-14
ES,2008,36.0,m,0-14
FI,2005,2.0,m,0-14
FI,2006,0.0,m,0-14
FI,2007,0.0,m,0-14
FI,2008,0.0,m,0-14
FM,2008,2.0,m,0-14
FR,2005,24.0,m,0-14
FR,2006,34.0,m,0-14
FR,2007,34.0,m,0-14
FR,2008,20.0,m,0-14
GB,2005,18.0,m,0-14
GB,2006,18.0,m,0-14
GB,2007,26.0,m,0-14
GB,2008,10.0,m,0-14
GE,2006,6.0,m,0-14
GE,2007,14.0,m,0-14
GE,2008,322.0,m,0-14
GM,2008,14.0,m,0-14
GR,2005,2.0,m,0-14
GR,2006,0.0,m,0-14
GR,2007,2.0,m,0-14
GR,2008,0.0,m,0-14
GT,2008,38.0,m,0-14
GU,2008,0.0,m,0-14
GY,2008,14.0,m,0-14
HK,2008,0.0,m,0-14
HN,2008,22.0,m,0-14
HR,2005,2.0,m,0-14
HR,2006,0.0,m,0-14
HR,2008,0.0,m,0-14
HT,2008,180.0,m,0-14
HU,2005,0.0,m,0-14
HU,2006,4.0,m,0-14
HU,2007,0.0,m,0-14
HU,2008,0.0,m,0-14
ID,2008,1742.0,m,0-14
IE,2005,2.0,m,0-14
IE,2006,0.0,m,0-14
IE,2007,0.0,m,0-14
IE,2008,4.0,m,0-14
IL,2005,0.0,m,0-14
IL,2006,0.0,m,0-14
IL,2007,2.0,m,0-14
IL,2008,0.0,m,0-14
IQ,2008,36.0,m,0-14
IR,2008,22.0,m,0-14
IS,2005,0.0,m,0-14
IS,2006,0.0,m,0-14
IS,2007,0.0,m,0-14
IS,2008,0.0,m,0-14
IT,2005,16.0,m,0-14
IT,2006,14.0,m,0-14
IT,2007,6.0,m,0-14
IT,2008,26.0,m,0-14
JM,2008,6.0,m,0-14
JO,2008,0.0,m,0-14
JP,2008,4.0,m,0-14
KE,2008,902.0,m,0-14
KG,2005,2.0,m,0-14
KI,2008,4.0,m,0-14
KM,2008,4.0,m,0-14
KN,2008,0.0,m,0-14
KP,2008,882.0,m,0-14
KR,2008,42.0,m,0-14
KW,2008,0.0,m,0-14
KZ,2005,62.0,m,0-14
KZ,2007,28.0,m,0-14
KZ,2008,28.0,m,0-14
LB,2008,2.0,m,0-14
LC,2008,0.0,m,0-14
LR,2008,214.0,m,0-14
LS,2008,42.0,m,0-14
LT,2005,0.0,m,0-14
LT,2006,0.0,m,0-14
LT,2007,0.0,m,0-14
LT,2008,0.0,m,0-14
LU,2005,0.0,m,0-14
LU,2006,0.0,m,0-14
LU,2007,0.0,m,0-14
LU,2008,0.0,m,0-14
LV,2005,2.0,m,0-14
LV,2006,4.0,m,0-14
LV,2008,0.0,m,0-14
LY,2008,4.0,m,0-14
MA,2008,102.0,m,0-14
MD,2005,4.0,m,0-14
MD,2007,0.0,m,0-14
MD,2008,2.0,m,0-14
ME,2005,0.0,m,0-14
ME,2007,0.0,m,0-14
ME,2008,0.0,m,0-14
MG,2008,284.0,m,0-14
MH,2008,2.0,m,0-14
MK,2005,4.0,m,0-14
MK,2006,0.0,m,0-14
MK,2007,2.0,m,0-14
MK,2008,2.0,m,0-14
ML,2008,44.0,m,0-14
MO,2008,2.0,m,0-14
MP,2008,0.0,m,0-14
MT,2005,0.0,m,0-14
MT,2006,0.0,m,0-14
MT,2007,0.0,m,0-14
MT,2008,0.0,m,0-14
MU,2008,0.0,m,0-14
MX,2008,248.0,m,0-14
MY,2008,442.0,m,0-14
NC,2008,0.0,m,0-14
NL,2005,0.0,m,0-14
NL,2006,0.0,m,0-14
NL,2007,2.0,m,0-14
NL,2008,0.0,m,0-14
NO,2005,0.0,m,0-14
NO,2006,0.0,m,0-14
NO,2008,2.0,m,0-14
NR,2008,0.0,m,0-14
NZ,2008,0.0,m,0-14
OM,2008,0.0,m,0-14
PE,2008,168.0,m,0-14
PF,2008,2.0,m,0-14
PL,2005,6.0,m,0-14
PL,2006,2.0,m,0-14
PL,2007,4.0,m,0-14
PL,2008,12.0,m,0-14
PR,2008,0.0,m,0-14
PS,2008,0.0,m,0-14
PT,2005,10.0,m,0-14
PT,2006,14.0,m,0-14
PT,2007,8.0,m,0-14
PT,2008,4.0,m,0-14
PY,2008,22.0,m,0-14
QA,2008,2.0,m,0-14
RO,2005,72.0,m,0-14
RO,2006,60.0,m,0-14
RO,2008,44.0,m,0-14
RS,2005,6.0,m,0-14
RS,2006,12.0,m,0-14
RS,2007,0.0,m,0-14
RS,2008,2.0,m,0-14
RU,2008,24.0,m,0-14
SB,2008,6.0,m,0-14
SC,2008,0.0,m,0-14
SD,2008,634.0,m,0-14
SE,2005,0.0,m,0-14
SE,2006,0.0,m,0-14
SE,2007,0.0,m,0-14
SE,2008,0.0,m,0-14
SG,2008,0.0,m,0-14
SI,2005,0.0,m,0-14
SI,2006,0.0,m,0-14
SI,2007,0.0,m,0-14
SI,2008,0.0,m,0-14
SK,2005,0.0,m,0-14
SK,2006,8.0,m,0-14
SK,2007,0.0,m,0-14
SK,2008,0.0,m,0-14
SN,2008,134.0,m,0-14
SV,2008,16.0,m,0-14
SZ,2008,58.0,m,0-14
TJ,2005,16.0,m,0-14
TJ,2008,14.0,m,0-14
TM,2005,4.0,m,0-14
TM,2007,4.0,m,0-14
TO,2008,0.0,m,0-14
TR,2005,66.0,m,0-14
TR,2006,80.0,m,0-14
TR,2007,100.0,m,0-14
TR,2008,96.0,m,0-14
TT,2008,4.0,m,0-14
TV,2008,4.0,m,0-14
UA,2007,28.0,m,0-14
UG,2008,538.0,m,0-14
US,2008,22.0,m,0-14
UY,2008,2.0,m,0-14
UZ,2007,36.0,m,0-14
VE,2008,36.0,m,0-14
ZA,2008,3726.0,m,0-14
AD,2005,0.0,m,15-24
AD,2006,1.0,m,15-24
AD,2008,0.0,m,15-24
AE,2008,6.0,m,15-24
AL,2005,26.0,m,15-24
AL,2006,24.0,m,15-24
AL,2007,19.0,m,15-24
AM,2005,170.0,m,15-24
AM,2006,113.0,m,15-24
AM,2007,81.0,m,15-24
AM,2008,53.0,m,15-24
AR,2008,633.0,m,15-24
AT,2005,32.0,m,15-24
AT,2006,9.0,m,15-24
AZ,2005,109.0,m,15-24
AZ,2006,241.0,m,15-24
BA,2005,22.0,m,15-24
BA,2006,40.0,m,15-24
BA,2007,0.0,m,15-24
BA,2008,20.0,m,15-24
BB,2008,0.0,m,15-24
BE,2005,26.0,m,15-24
BE,2006,26.0,m,15-24
BE,2008,23.0,m,15-24
BG,2005,98.0,m,15-24
BG,2008,80.0,m,15-24
BH,2008,17.0,m,15-24
BN,2008,10.0,m,15-24
BR,2008,4436.0,m,15-24
BS,2008,2.0,m,15-24
BW,2008,254.0,m,15-24
BZ,2008,8.0,m,15-24
CA,2008,39.0,m,15-24
CH,2005,10.0,m,15-24
CH,2006,11.0,m,15-24
CH,2007,11.0,m,15-24
CH,2008,8.0,m,15-24
CM,2008,1613.0,m,15-24
CY,2005,3.0,m,15-24
CY,2006,0.0,m,15-24
CY,2007,2.0,m,15-24
CY,2008,1.0,m,15-24
CZ,2005,8.0,m,15-24
CZ,2006,6.0,m,15-24
CZ,2007,14.0,m,15-24
CZ,2008,7.0,m,15-24
DE,2005,59.0,m,15-24
DE,2006,78.0,m,15-24
DE,2007,116.0,m,15-24
DE,2008,40.0,m,15-24
DK,2005,12.0,m,15-24
DK,2006,8.0,m,15-24
DK,2007,6.0,m,15-24
DK,2008,8.0,m,15-24
DM,2008,0.0,m,15-24
DO,2008,322.0,m,15-24
EE,2005,9.0,m,15-24
EE,2006,4.0,m,15-24
EE,2007,6.0,m,15-24
EE,2008,3.0,m,15-24
EG,2008,581.0,m,15-24
ES,2005,166.0,m,15-24
ES,2006,142.0,m,15-24
ES,2007,184.0,m,15-24
ES,2008,179.0,m,15-24
FI,2005,5.0,m,15-24
FI,2006,5.0,m,15-24
FI,2007,4.0,m,15-24
FI,2008,3.0,m,15-24
FM,2008,9.0,m,15-24
FR,2005,127.0,m,15-24
FR,2006,137.0,m,15-24
FR,2007,120.0,m,15-24
FR,2008,73.0,m,15-24
GB,2005,135.0,m,15-24
GB,2006,173.0,m,15-24
GB,2007,183.0,m,15-24
GB,2008,125.0,m,15-24
GE,2006,315.0,m,15-24
GE,2007,277.0,m,15-24
GE,2008,710.0,m,15-24
GM,2008,151.0,m,15-24
GR,2005,14.0,m,15-24
GR,2006,11.0,m,15-24
GR,2007,21.0,m,15-24
GR,2008,5.0,m,15-24
GT,2008,220.0,m,15-24
GU,2008,0.0,m,15-24
GY,2008,29.0,m,15-24
HK,2008,59.0,m,15-24
HN,2008,254.0,m,15-24
HR,2005,24.0,m,15-24
HR,2006,20.0,m,15-24
HR,2008,15.0,m,15-24
HT,2008,1137.0,m,15-24
HU,2005,6.0,m,15-24
HU,2006,10.0,m,15-24
HU,2007,7.0,m,15-24
HU,2008,12.0,m,15-24
ID,2008,15339.0,m,15-24
IE,2005,6.0,m,15-24
IE,2006,8.0,m,15-24
IE,2007,26.0,m,15-24
IE,2008,9.0,m,15-24
IL,2005,5.0,m,15-24
IL,2006,3.0,m,15-24
IL,2007,9.0,m,15-24
IL,2008,14.0,m,15-24
IQ,2008,348.0,m,15-24
IR,2008,292.0,m,15-24
IS,2005,0.0,m,15-24
IS,2006,0.0,m,15-24
IS,2007,0.0,m,15-24
IS,2008,0.0,m,15-24
IT,2005,93.0,m,15-24
IT,2006,113.0,m,15-24
IT,2007,75.0,m,15-24
IT,2008,78.0,m,15-24
JM,2008,2.0,m,15-24
JO,2008,13.0,m,15-24
JP,2008,117.0,m,15-24
KE,2008,4709.0,m,15-24
KG,2005,247.0,m,15-24
KI,2008,30.0,m,15-24
KM,2008,11.0,m,15-24
KN,2008,0.0,m,15-24
KP,2008,2341.0,m,15-24
KR,2008,492.0,m,15-24
KW,2008,18.0,m,15-24
KZ,2005,917.0,m,15-24
KZ,2007,881.0,m,15-24
KZ,2008,897.0,m,15-24
LB,2008,9.0,m,15-24
LC,2008,2.0,m,15-24
LR,2008,129.0,m,15-24
LS,2008,223.0,m,15-24
LT,2005,42.0,m,15-24
LT,2006,38.0,m,15-24
LT,2007,31.0,m,15-24
LT,2008,39.0,m,15-24
LU,2005,0.0,m,15-24
LU,2006,0.0,m,15-24
LU,2007,0.0,m,15-24
LU,2008,0.0,m,15-24
LV,2005,22.0,m,15-24
LV,2006,27.0,m,15-24
LV,2008,28.0,m,15-24
LY,2008,116.0,m,15-24
MA,2008,1992.0,m,15-24
MD,2005,211.0,m,15-24
MD,2007,181.0,m,15-24
MD,2008,167.0,m,15-24
ME,2005,3.0,m,15-24
ME,2007,0.0,m,15-24
ME,2008,2.0,m,15-24
MG,2008,1499.0,m,15-24
MH,2008,1.0,m,15-24
MK,2005,14.0,m,15-24
MK,2006,15.0,m,15-24
MK,2007,12.0,m,15-24
MK,2008,18.0,m,15-24
ML,2008,453.0,m,15-24
MO,2008,18.0,m,15-24
MP,2008,1.0,m,15-24
MT,2005,1.0,m,15-24
MT,2006,1.0,m,15-24
MT,2007,0.0,m,15-24
MT,2008,3.0,m,15-24
MU,2008,11.0,m,15-24
MX,2008,966.0,m,15-24
MY,2008,1436.0,m,15-24
NC,2008,1.0,m,15-24
NL,2005,23.0,m,15-24
NL,2006,25.0,m,15-24
NL,2007,10.0,m,15-24
NL,2008,16.0,m,15-24
NO,2005,9.0,m,15-24
NO,2006,5.0,m,15-24
NO,2008,10.0,m,15-24
NR,2008,1.0,m,15-24
NZ,2008,9.0,m,15-24
OM,2008,18.0,m,15-24
PE,2008,3406.0,m,15-24
PF,2008,3.0,m,15-24
PL,2005,109.0,m,15-24
PL,2006,92.0,m,15-24
PL,2007,85.0,m,15-24
PL,2008,66.0,m,15-24
PR,2008,2.0,m,15-24
PS,2008,1.0,m,15-24
PT,2005,85.0,m,15-24
PT,2006,80.0,m,15-24
PT,2007,69.0,m,15-24
PT,2008,51.0,m,15-24
PY,2008,238.0,m,15-24
QA,2008,47.0,m,15-24
RO,2005,752.0,m,15-24
RO,2006,748.0,m,15-24
RO,2008,671.0,m,15-24
RS,2005,62.0,m,15-24
RS,2006,87.0,m,15-24
RS,2007,42.0,m,15-24
RS,2008,37.0,m,15-24
RU,2008,2495.0,m,15-24
SB,2008,17.0,m,15-24
SC,2008,0.0,m,15-24
SD,2008,1241.0,m,15-24
SE,2005,7.0,m,15-24
SE,2006,4.0,m,15-24
SE,2007,7.0,m,15-24
SE,2008,14.0,m,15-24
SG,2008,10.0,m,15-24
SI,2005,4.0,m,15-24
SI,2006,3.0,m,15-24
SI,2007,0.0,m,15-24
SI,2008,3.0,m,15-24
SK,2005,3.0,m,15-24
SK,2006,8.0,m,15-24
SK,2007,8.0,m,15-24
SK,2008,2.0,m,15-24
SN,2008,1274.0,m,15-24
SV,2008,107.0,m,15-24
SZ,2008,231.0,m,15-24
TJ,2005,308.0,m,15-24
TJ,2008,437.0,m,15-24
TM,2005,148.0,m,15-24
TM,2007,176.0,m,15-24
TO,2008,2.0,m,15-24
TR,2005,1148.0,m,15-24
TR,2006,1212.0,m,15-24
TR,2007,1091.0,m,15-24
TR,2008,940.0,m,15-24
TT,2008,9.0,m,15-24
TV,2008,2.0,m,15-24
UA,2007,1556.0,m,15-24
UG,2008,1953.0,m,15-24
US,2008,375.0,m,15-24
UY,2008,49.0,m,15-24
UZ,2007,569.0,m,15-24
VE,2008,364.0,m,15-24
ZA,2008,10172.0,m,15-24
AD,2005,1.0,m,25-34
AD,2006,1.0,m,25-34
AD,2008,0.0,m,25-34
AE,2008,1.0,m,25-34
AL,2005,21.0,m,25-34
AL,2006,19.0,m,25-34
AL,2007,13.0,m,25-34
AM,2005,104.0,m,25-34
AM,2006,116.0,m,25-34
AM,2007,87.0,m,25-34
AM,2008,103.0,m,25-34
AR,2008,611.0,m,25-34
AT,2005,23.0,m,25-34
AT,2006,25.0,m,25-34
AZ,2005,297.0,m,25-34
AZ,2006,362.0,m,25-34
BA,2005,58.0,m,25-34
BA,2006,58.0,m,25-34
BA,2007,0.0,m,25-34
BA,2008,35.0,m,25-34
BB,2008,1.0,m,25-34
BE,2005,50.0,m,25-34
BE,2006,52.0,m,25-34
BE,2008,40.0,m,25-34
BG,2005,150.0,m,25-34
BG,2008,145.0,m,25-34
BH,2008,48.0,m,25-34
BN,2008,10.0,m,25-34
BR,2008,6173.0,m,25-34
BS,2008,6.0,m,25-34
BW,2008,528.0,m,25-34
BZ,2008,12.0,m,25-34
CA,2008,36.0,m,25-34
CH,2005,9.0,m,25-34
CH,2006,15.0,m,25-34
CH,2007,10.0,m,25-34
CH,2008,13.0,m,25-34
CM,2008,2861.0,m,25-34
CY,2005,1.0,m,25-34
CY,2006,1.0,m,25-34
CY,2007,1.0,m,25-34
CY,2008,0.0,m,25-34
CZ,2005,24.0,m,25-34
CZ,2006,19.0,m,25-34
CZ,2007,26.0,m,25-34
CZ,2008,29.0,m,25-34
DE,2005,113.0,m,25-34
DE,2006,138.0,m,25-34
DE,2007,248.0,m,25-34
DE,2008,95.0,m,25-34
DK,2005,12.0,m,25-34
DK,2006,13.0,m,25-34
DK,2007,12.0,m,25-34
DK,2008,15.0,m,25-34
DM,2008,0.0,m,25-34
DO,2008,398.0,m,25-34
EE,2005,25.0,m,25-34
EE,2006,19.0,m,25-34
EE,2007,26.0,m,25-34
EE,2008,14.0,m,25-34
EG,2008,640.0,m,25-34
ES,2005,394.0,m,25-34
ES,2006,332.0,m,25-34
ES,2007,375.0,m,25-34
ES,2008,355.0,m,25-34
FI,2005,4.0,m,25-34
FI,2006,6.0,m,25-34
FI,2007,5.0,m,25-34
FI,2008,5.0,m,25-34
FM,2008,3.0,m,25-34
FR,2005,212.0,m,25-34
FR,2006,214.0,m,25-34
FR,2007,225.0,m,25-34
FR,2008,136.0,m,25-34
GB,2005,200.0,m,25-34
GB,2006,244.0,m,25-34
GB,2007,286.0,m,25-34
GB,2008,188.0,m,25-34
GE,2006,392.0,m,25-34
GE,2007,388.0,m,25-34
GE,2008,974.0,m,25-34
GM,2008,307.0,m,25-34
GR,2005,25.0,m,25-34
GR,2006,32.0,m,25-34
GR,2007,22.0,m,25-34
GR,2008,14.0,m,25-34
GT,2008,257.0,m,25-34
GU,2008,1.0,m,25-34
GY,2008,51.0,m,25-34
HK,2008,79.0,m,25-34
HN,2008,263.0,m,25-34
HR,2005,27.0,m,25-34
HR,2006,23.0,m,25-34
HR,2008,25.0,m,25-34
HT,2008,1337.0,m,25-34
HU,2005,24.0,m,25-34
HU,2006,31.0,m,25-34
HU,2007,31.0,m,25-34
HU,2008,23.0,m,25-34
ID,2008,22325.0,m,25-34
IE,2005,10.0,m,25-34
IE,2006,18.0,m,25-34
IE,2007,49.0,m,25-34
IE,2008,18.0,m,25-34
IL,2005,10.0,m,25-34
IL,2006,12.0,m,25-34
IL,2007,20.0,m,25-34
IL,2008,25.0,m,25-34
IQ,2008,525.0,m,25-34
IR,2008,466.0,m,25-34
IS,2005,0.0,m,25-34
IS,2006,0.0,m,25-34
IS,2007,0.0,m,25-34
IS,2008,1.0,m,25-34
IT,2005,191.0,m,25-34
IT,2006,201.0,m,25-34
IT,2007,170.0,m,25-34
IT,2008,148.0,m,25-34
JM,2008,10.0,m,25-34
JO,2008,10.0,m,25-34
JP,2008,339.0,m,25-34
KE,2008,8128.0,m,25-34
KG,2005,303.0,m,25-34
KI,2008,9.0,m,25-34
KM,2008,11.0,m,25-34
KN,2008,0.0,m,25-34
KP,2008,3320.0,m,25-34
KR,2008,865.0,m,25-34
KW,2008,90.0,m,25-34
KZ,2005,1142.0,m,25-34
KZ,2007,976.0,m,25-34
KZ,2008,968.0,m,25-34
LB,2008,14.0,m,25-34
LC,2008,0.0,m,25-34
LR,2008,412.0,m,25-34
LS,2008,615.0,m,25-34
LT,2005,118.0,m,25-34
LT,2006,120.0,m,25-34
LT,2007,77.0,m,25-34
LT,2008,110.0,m,25-34
LU,2005,2.0,m,25-34
LU,2006,3.0,m,25-34
LU,2007,0.0,m,25-34
LU,2008,0.0,m,25-34
LV,2005,71.0,m,25-34
LV,2006,78.0,m,25-34
LV,2008,54.0,m,25-34
LY,2008,298.0,m,25-34
MA,2008,2372.0,m,25-34
MD,2005,337.0,m,25-34
MD,2007,281.0,m,25-34
MD,2008,271.0,m,25-34
ME,2005,5.0,m,25-34
ME,2007,6.0,m,25-34
ME,2008,7.0,m,25-34
MG,2008,2294.0,m,25-34
MH,2008,1.0,m,25-34
MK,2005,20.0,m,25-34
MK,2006,15.0,m,25-34
MK,2007,22.0,m,25-34
MK,2008,21.0,m,25-34
ML,2008,809.0,m,25-34
MO,2008,12.0,m,25-34
MP,2008,0.0,m,25-34
MT,2005,1.0,m,25-34
MT,2006,0.0,m,25-34
MT,2007,2.0,m,25-34
MT,2008,6.0,m,25-34
MU,2008,15.0,m,25-34
MX,2008,1292.0,m,25-34
MY,2008,2445.0,m,25-34
NC,2008,1.0,m,25-34
NL,2005,42.0,m,25-34
NL,2006,23.0,m,25-34
NL,2007,22.0,m,25-34
NL,2008,24.0,m,25-34
NO,2005,4.0,m,25-34
NO,2006,10.0,m,25-34
NO,2008,8.0,m,25-34
NR,2008,0.0,m,25-34
NZ,2008,4.0,m,25-34
OM,2008,28.0,m,25-34
PE,2008,2233.0,m,25-34
PF,2008,1.0,m,25-34
PL,2005,199.0,m,25-34
PL,2006,215.0,m,25-34
PL,2007,213.0,m,25-34
PL,2008,175.0,m,25-34
PR,2008,4.0,m,25-34
PS,2008,1.0,m,25-34
PT,2005,227.0,m,25-34
PT,2006,211.0,m,25-34
PT,2007,178.0,m,25-34
PT,2008,155.0,m,25-34
PY,2008,227.0,m,25-34
QA,2008,67.0,m,25-34
RO,2005,1511.0,m,25-34
RO,2006,1306.0,m,25-34
RO,2008,1124.0,m,25-34
RS,2005,96.0,m,25-34
RS,2006,91.0,m,25-34
RS,2007,59.0,m,25-34
RS,2008,51.0,m,25-34
RU,2008,6475.0,m,25-34
SB,2008,12.0,m,25-34
SC,2008,1.0,m,25-34
SD,2008,1740.0,m,25-34
SE,2005,21.0,m,25-34
SE,2006,15.0,m,25-34
SE,2007,20.0,m,25-34
SE,2008,15.0,m,25-34
SG,2008,21.0,m,25-34
SI,2005,10.0,m,25-34
SI,2006,5.0,m,25-34
SI,2007,7.0,m,25-34
SI,2008,12.0,m,25-34
SK,2005,13.0,m,25-34
SK,2006,11.0,m,25-34
SK,2007,10.0,m,25-34
SK,2008,7.0,m,25-34
SN,2008,1767.0,m,25-34
SV,2008,168.0,m,25-34
SZ,2008,552.0,m,25-34
TJ,2005,279.0,m,25-34
TJ,2008,358.0,m,25-34
TM,2005,181.0,m,25-34
TM,2007,272.0,m,25-34
TO,2008,0.0,m,25-34
TR,2005,1295.0,m,25-34
TR,2006,1391.0,m,25-34
TR,2007,1245.0,m,25-34
TR,2008,1090.0,m,25-34
TT,2008,15.0,m,25-34
TV,2008,1.0,m,25-34
UA,2007,4507.0,m,25-34
UG,2008,4697.0,m,25-34
US,2008,513.0,m,25-34
UY,2008,71.0,m,25-34
UZ,2007,768.0,m,25-34
VE,2008,358.0,m,25-34
ZA,2008,21706.0,m,25-34
AD,2005,1.0,m,35-44
AD,2006,2.0,m,35-44
AD,2008,0.0,m,35-44
AE,2008,7.0,m,35-44
AL,2005,16.0,m,35-44
AL,2006,22.0,m,35-44
AL,2007,16.0,m,35-44
AM,2005,83.0,m,35-44
AM,2006,96.0,m,35-44
AM,2007,100.0,m,35-44
AM,2008,74.0,m,35-44
AR,2008,390.0,m,35-44
AT,2005,22.0,m,35-44
AT,2006,36.0,m,35-44
AZ,2005,215.0,m,35-44
AZ,2006,365.0,m,35-44
BA,2005,61.0,m,35-44
BA,2006,47.0,m,35-44
BA,2007,0.0,m,35-44
BA,2008,38.0,m,35-44
BB,2008,0.0,m,35-44
BE,2005,32.0,m,35-44
BE,2006,38.0,m,35-44
BE,2008,43.0,m,35-44
BG,2005,195.0,m,35-44
BG,2008,151.0,m,35-44
BH,2008,27.0,m,35-44
BN,2008,12.0,m,35-44
BR,2008,5305.0,m,35-44
BS,2008,5.0,m,35-44
BW,2008,384.0,m,35-44
BZ,2008,15.0,m,35-44
CA,2008,49.0,m,35-44
CH,2005,13.0,m,35-44
CH,2006,11.0,m,35-44
CH,2007,11.0,m,35-44
CH,2008,5.0,m,35-44
CM,2008,2016.0,m,35-44
CY,2005,1.0,m,35-44
CY,2006,1.0,m,35-44
CY,2007,0.0,m,35-44
CY,2008,0.0,m,35-44
CZ,2005,57.0,m,35-44
CZ,2006,39.0,m,35-44
CZ,2007,35.0,m,35-44
CZ,2008,39.0,m,35-44
DE,2005,171.0,m,35-44
DE,2006,169.0,m,35-44
DE,2007,314.0,m,35-44
DE,2008,114.0,m,35-44
DK,2005,18.0,m,35-44
DK,2006,15.0,m,35-44
DK,2007,20.0,m,35-44
DK,2008,9.0,m,35-44
DM,2008,1.0,m,35-44
DO,2008,337.0,m,35-44
EE,2005,19.0,m,35-44
EE,2006,24.0,m,35-44
EE,2007,32.0,m,35-44
EE,2008,26.0,m,35-44
EG,2008,807.0,m,35-44
ES,2005,367.0,m,35-44
ES,2006,311.0,m,35-44
ES,2007,379.0,m,35-44
ES,2008,349.0,m,35-44
FI,2005,3.0,m,35-44
FI,2006,5.0,m,35-44
FI,2007,5.0,m,35-44
FI,2008,8.0,m,35-44
FM,2008,1.0,m,35-44
FR,2005,222.0,m,35-44
FR,2006,238.0,m,35-44
FR,2007,196.0,m,35-44
FR,2008,161.0,m,35-44
GB,2005,166.0,m,35-44
GB,2006,213.0,m,35-44
GB,2007,223.0,m,35-44
GB,2008,155.0,m,35-44
GE,2006,300.0,m,35-44
GE,2007,308.0,m,35-44
GE,2008,906.0,m,35-44
GM,2008,167.0,m,35-44
GR,2005,22.0,m,35-44
GR,2006,22.0,m,35-44
GR,2007,34.0,m,35-44
GR,2008,12.0,m,35-44
GT,2008,193.0,m,35-44
GU,2008,7.0,m,35-44
GY,2008,71.0,m,35-44
HK,2008,95.0,m,35-44
HN,2008,202.0,m,35-44
HR,2005,48.0,m,35-44
HR,2006,58.0,m,35-44
HR,2008,34.0,m,35-44
HT,2008,696.0,m,35-44
HU,2005,67.0,m,35-44
HU,2006,71.0,m,35-44
HU,2007,48.0,m,35-44
HU,2008,47.0,m,35-44
ID,2008,19224.0,m,35-44
IE,2005,21.0,m,35-44
IE,2006,17.0,m,35-44
IE,2007,32.0,m,35-44
IE,2008,6.0,m,35-44
IL,2005,12.0,m,35-44
IL,2006,14.0,m,35-44
IL,2007,23.0,m,35-44
IL,2008,18.0,m,35-44
IQ,2008,317.0,m,35-44
IR,2008,330.0,m,35-44
IS,2005,1.0,m,35-44
IS,2006,0.0,m,35-44
IS,2007,0.0,m,35-44
IS,2008,1.0,m,35-44
IT,2005,137.0,m,35-44
IT,2006,197.0,m,35-44
IT,2007,113.0,m,35-44
IT,2008,137.0,m,35-44
JM,2008,10.0,m,35-44
JO,2008,3.0,m,35-44
JP,2008,456.0,m,35-44
KE,2008,4924.0,m,35-44
KG,2005,269.0,m,35-44
KI,2008,15.0,m,35-44
KM,2008,4.0,m,35-44
KN,2008,0.0,m,35-44
KP,2008,4263.0,m,35-44
KR,2008,1093.0,m,35-44
KW,2008,56.0,m,35-44
KZ,2005,983.0,m,35-44
KZ,2007,859.0,m,35-44
KZ,2008,811.0,m,35-44
LB,2008,12.0,m,35-44
LC,2008,2.0,m,35-44
LR,2008,532.0,m,35-44
LS,2008,542.0,m,35-44
LT,2005,186.0,m,35-44
LT,2006,207.0,m,35-44
LT,2007,165.0,m,35-44
LT,2008,162.0,m,35-44
LU,2005,2.0,m,35-44
LU,2006,2.0,m,35-44
LU,2007,1.0,m,35-44
LU,2008,0.0,m,35-44
LV,2005,104.0,m,35-44
LV,2006,82.0,m,35-44
LV,2008,71.0,m,35-44
LY,2008,162.0,m,35-44
MA,2008,1514.0,m,35-44
MD,2005,345.0,m,35-44
MD,2007,343.0,m,35-44
MD,2008,314.0,m,35-44
ME,2005,7.0,m,35-44
ME,2007,3.0,m,35-44
ME,2008,10.0,m,35-44
MG,2008,2113.0,m,35-44
MH,2008,2.0,m,35-44
MK,2005,23.0,m,35-44
MK,2006,25.0,m,35-44
MK,2007,27.0,m,35-44
MK,2008,13.0,m,35-44
ML,2008,640.0,m,35-44
MO,2008,10.0,m,35-44
MP,2008,1.0,m,35-44
MT,2005,1.0,m,35-44
MT,2006,2.0,m,35-44
MT,2007,0.0,m,35-44
MT,2008,2.0,m,35-44
MU,2008,14.0,m,35-44
MX,2008,1314.0,m,35-44
MY,2008,2318.0,m,35-44
NC,2008,0.0,m,35-44
NL,2005,23.0,m,35-44
NL,2006,31.0,m,35-44
NL,2007,28.0,m,35-44
NL,2008,26.0,m,35-44
NO,2005,6.0,m,35-44
NO,2006,5.0,m,35-44
NO,2008,7.0,m,35-44
NR,2008,0.0,m,35-44
NZ,2008,9.0,m,35-44
OM,2008,28.0,m,35-44
PE,2008,1564.0,m,35-44
PF,2008,1.0,m,35-44
PL,2005,389.0,m,35-44
PL,2006,390.0,m,35-44
PL,2007,395.0,m,35-44
PL,2008,397.0,m,35-44
PR,2008,3.0,m,35-44
PS,2008,3.0,m,35-44
PT,2005,284.0,m,35-44
PT,2006,259.0,m,35-44
PT,2007,268.0,m,35-44
PT,2008,212.0,m,35-44
PY,2008,138.0,m,35-44
QA,2008,26.0,m,35-44
RO,2005,1786.0,m,35-44
RO,2006,1624.0,m,35-44
RO,2008,1656.0,m,35-44
RS,2005,118.0,m,35-44
RS,2006,107.0,m,35-44
RS,2007,102.0,m,35-44
RS,2008,86.0,m,35-44
RU,2008,6005.0,m,35-44
SB,2008,11.0,m,35-44
SC,2008,0.0,m,35-44
SD,2008,1301.0,m,35-44
SE,2005,16.0,m,35-44
SE,2006,14.0,m,35-44
SE,2007,10.0,m,35-44
SE,2008,9.0,m,35-44
SG,2008,46.0,m,35-44
SI,2005,16.0,m,35-44
SI,2006,9.0,m,35-44
SI,2007,15.0,m,35-44
SI,2008,9.0,m,35-44
SK,2005,16.0,m,35-44
SK,2006,18.0,m,35-44
SK,2007,18.0,m,35-44
SK,2008,16.0,m,35-44
SN,2008,907.0,m,35-44
SV,2008,112.0,m,35-44
SZ,2008,357.0,m,35-44
TJ,2005,164.0,m,35-44
TJ,2008,165.0,m,35-44
TM,2005,146.0,m,35-44
TM,2007,224.0,m,35-44
TO,2008,2.0,m,35-44
TR,2005,1028.0,m,35-44
TR,2006,1003.0,m,35-44
TR,2007,984.0,m,35-44
TR,2008,953.0,m,35-44
TT,2008,19.0,m,35-44
TV,2008,0.0,m,35-44
UA,2007,5206.0,m,35-44
UG,2008,3922.0,m,35-44
US,2008,495.0,m,35-44
UY,2008,64.0,m,35-44
UZ,2007,579.0,m,35-44
VE,2008,326.0,m,35-44
ZA,2008,20699.0,m,35-44
AD,2005,0.0,m,45-54
AD,2006,0.0,m,45-54
AD,2008,1.0,m,45-54
AE,2008,5.0,m,45-54
AL,2005,31.0,m,45-54
AL,2006,21.0,m,45-54
AL,2007,24.0,m,45-54
AM,2005,84.0,m,45-54
AM,2006,98.0,m,45-54
AM,2007,92.0,m,45-54
AM,2008,87.0,m,45-54
AR,2008,416.0,m,45-54
AT,2005,41.0,m,45-54
AT,2006,39.0,m,45-54
AZ,2005,209.0,m,45-54
AZ,2006,120.0,m,45-54
BA,2005,78.0,m,45-54
BA,2006,53.0,m,45-54
BA,2007,0.0,m,45-54
BA,2008,84.0,m,45-54
BB,2008,0.0,m,45-54
BE,2005,27.0,m,45-54
BE,2006,45.0,m,45-54
BE,2008,32.0,m,45-54
BG,2005,195.0,m,45-54
BG,2008,159.0,m,45-54
BH,2008,8.0,m,45-54
BN,2008,21.0,m,45-54
BR,2008,4854.0,m,45-54
BS,2008,7.0,m,45-54
BW,2008,220.0,m,45-54
BZ,2008,9.0,m,45-54
CA,2008,53.0,m,45-54
CH,2005,12.0,m,45-54
CH,2006,8.0,m,45-54
CH,2007,7.0,m,45-54
CH,2008,4.0,m,45-54
CM,2008,1135.0,m,45-54
CY,2005,1.0,m,45-54
CY,2006,0.0,m,45-54
CY,2007,0.0,m,45-54
CY,2008,1.0,m,45-54
CZ,2005,55.0,m,45-54
CZ,2006,56.0,m,45-54
CZ,2007,63.0,m,45-54
CZ,2008,44.0,m,45-54
DE,2005,167.0,m,45-54
DE,2006,189.0,m,45-54
DE,2007,344.0,m,45-54
DE,2008,142.0,m,45-54
DK,2005,23.0,m,45-54
DK,2006,27.0,m,45-54
DK,2007,29.0,m,45-54
DK,2008,24.0,m,45-54
DM,2008,2.0,m,45-54
DO,2008,198.0,m,45-54
EE,2005,40.0,m,45-54
EE,2006,40.0,m,45-54
EE,2007,37.0,m,45-54
EE,2008,34.0,m,45-54
EG,2008,791.0,m,45-54
ES,2005,230.0,m,45-54
ES,2006,232.0,m,45-54
ES,2007,257.0,m,45-54
ES,2008,268.0,m,45-54
FI,2005,14.0,m,45-54
FI,2006,9.0,m,45-54
FI,2007,10.0,m,45-54
FI,2008,13.0,m,45-54
FM,2008,3.0,m,45-54
FR,2005,196.0,m,45-54
FR,2006,209.0,m,45-54
FR,2007,219.0,m,45-54
FR,2008,134.0,m,45-54
GB,2005,95.0,m,45-54
GB,2006,148.0,m,45-54
GB,2007,169.0,m,45-54
GB,2008,111.0,m,45-54
GE,2006,241.0,m,45-54
GE,2007,230.0,m,45-54
GE,2008,739.0,m,45-54
GM,2008,125.0,m,45-54
GR,2005,14.0,m,45-54
GR,2006,24.0,m,45-54
GR,2007,28.0,m,45-54
GR,2008,4.0,m,45-54
GT,2008,163.0,m,45-54
GU,2008,8.0,m,45-54
GY,2008,47.0,m,45-54
HK,2008,166.0,m,45-54
HN,2008,140.0,m,45-54
HR,2005,72.0,m,45-54
HR,2006,69.0,m,45-54
HR,2008,63.0,m,45-54
HT,2008,491.0,m,45-54
HU,2005,117.0,m,45-54
HU,2006,98.0,m,45-54
HU,2007,103.0,m,45-54
HU,2008,86.0,m,45-54
ID,2008,18545.0,m,45-54
IE,2005,10.0,m,45-54
IE,2006,11.0,m,45-54
IE,2007,28.0,m,45-54
IE,2008,21.0,m,45-54
IL,2005,12.0,m,45-54
IL,2006,4.0,m,45-54
IL,2007,13.0,m,45-54
IL,2008,14.0,m,45-54
IQ,2008,273.0,m,45-54
IR,2008,322.0,m,45-54
IS,2005,0.0,m,45-54
IS,2006,0.0,m,45-54
IS,2007,0.0,m,45-54
IS,2008,0.0,m,45-54
IT,2005,101.0,m,45-54
IT,2006,105.0,m,45-54
IT,2007,87.0,m,45-54
IT,2008,72.0,m,45-54
JM,2008,11.0,m,45-54
JO,2008,5.0,m,45-54
JP,2008,599.0,m,45-54
KE,2008,2302.0,m,45-54
KG,2005,194.0,m,45-54
KI,2008,10.0,m,45-54
KM,2008,9.0,m,45-54
KN,2008,3.0,m,45-54
KP,2008,3988.0,m,45-54
KR,2008,1400.0,m,45-54
KW,2008,34.0,m,45-54
KZ,2005,795.0,m,45-54
KZ,2007,714.0,m,45-54
KZ,2008,752.0,m,45-54
LB,2008,17.0,m,45-54
LC,2008,2.0,m,45-54
LR,2008,308.0,m,45-54
LS,2008,380.0,m,45-54
LT,2005,187.0,m,45-54
LT,2006,211.0,m,45-54
LT,2007,235.0,m,45-54
LT,2008,182.0,m,45-54
LU,2005,1.0,m,45-54
LU,2006,3.0,m,45-54
LU,2007,0.0,m,45-54
LU,2008,0.0,m,45-54
LV,2005,117.0,m,45-54
LV,2006,105.0,m,45-54
LV,2008,71.0,m,45-54
LY,2008,85.0,m,45-54
MA,2008,1179.0,m,45-54
MD,2005,313.0,m,45-54
MD,2007,314.0,m,45-54
MD,2008,317.0,m,45-54
ME,2005,15.0,m,45-54
ME,2007,10.0,m,45-54
ME,2008,5.0,m,45-54
MG,2008,1669.0,m,45-54
MH,2008,3.0,m,45-54
MK,2005,20.0,m,45-54
MK,2006,37.0,m,45-54
MK,2007,46.0,m,45-54
MK,2008,25.0,m,45-54
ML,2008,503.0,m,45-54
MO,2008,29.0,m,45-54
MP,2008,5.0,m,45-54
MT,2005,1.0,m,45-54
MT,2006,0.0,m,45-54
MT,2007,0.0,m,45-54
MT,2008,0.0,m,45-54
MU,2008,15.0,m,45-54
MX,2008,1267.0,m,45-54
MY,2008,2169.0,m,45-54
NC,2008,2.0,m,45-54
NL,2005,26.0,m,45-54
NL,2006,23.0,m,45-54
NL,2007,21.0,m,45-54
NL,2008,19.0,m,45-54
NO,2005,4.0,m,45-54
NO,2006,3.0,m,45-54
NO,2008,2.0,m,45-54
NR,2008,1.0,m,45-54
NZ,2008,5.0,m,45-54
OM,2008,28.0,m,45-54
PE,2008,1121.0,m,45-54
PF,2008,1.0,m,45-54
PL,2005,639.0,m,45-54
PL,2006,649.0,m,45-54
PL,2007,677.0,m,45-54
PL,2008,653.0,m,45-54
PR,2008,13.0,m,45-54
PS,2008,2.0,m,45-54
PT,2005,181.0,m,45-54
PT,2006,190.0,m,45-54
PT,2007,188.0,m,45-54
PT,2008,179.0,m,45-54
PY,2008,138.0,m,45-54
QA,2008,18.0,m,45-54
RO,2005,1999.0,m,45-54
RO,2006,1738.0,m,45-54
RO,2008,1713.0,m,45-54
RS,2005,156.0,m,45-54
RS,2006,167.0,m,45-54
RS,2007,163.0,m,45-54
RS,2008,131.0,m,45-54
RU,2008,6300.0,m,45-54
SB,2008,10.0,m,45-54
SC,2008,1.0,m,45-54
SD,2008,903.0,m,45-54
SE,2005,10.0,m,45-54
SE,2006,5.0,m,45-54
SE,2007,5.0,m,45-54
SE,2008,5.0,m,45-54
SG,2008,106.0,m,45-54
SI,2005,15.0,m,45-54
SI,2006,12.0,m,45-54
SI,2007,14.0,m,45-54
SI,2008,17.0,m,45-54
SK,2005,25.0,m,45-54
SK,2006,27.0,m,45-54
SK,2007,51.0,m,45-54
SK,2008,46.0,m,45-54
SN,2008,593.0,m,45-54
SV,2008,67.0,m,45-54
SZ,2008,193.0,m,45-54
TJ,2005,104.0,m,45-54
TJ,2008,113.0,m,45-54
TM,2005,97.0,m,45-54
TM,2007,137.0,m,45-54
TO,2008,2.0,m,45-54
TR,2005,963.0,m,45-54
TR,2006,1045.0,m,45-54
TR,2007,978.0,m,45-54
TR,2008,947.0,m,45-54
TT,2008,34.0,m,45-54
TV,2008,1.0,m,45-54
UA,2007,5024.0,m,45-54
UG,2008,1981.0,m,45-54
US,2008,725.0,m,45-54
UY,2008,45.0,m,45-54
UZ,2007,583.0,m,45-54
VE,2008,389.0,m,45-54
ZA,2008,12724.0,m,45-54
AD,2005,0.0,m,55-64
AD,2006,1.0,m,55-64
AD,2008,0.0,m,55-64
AE,2008,3.0,m,55-64
AL,2005,20.0,m,55-64
AL,2006,19.0,m,55-64
AL,2007,16.0,m,55-64
AM,2005,30.0,m,55-64
AM,2006,38.0,m,55-64
AM,2007,29.0,m,55-64
AM,2008,37.0,m,55-64
AR,2008,364.0,m,55-64
AT,2005,24.0,m,55-64
AT,2006,19.0,m,55-64
AZ,2005,187.0,m,55-64
AZ,2006,78.0,m,55-64
BA,2005,44.0,m,55-64
BA,2006,42.0,m,55-64
BA,2007,0.0,m,55-64
BA,2008,49.0,m,55-64
BB,2008,0.0,m,55-64
BE,2005,15.0,m,55-64
BE,2006,27.0,m,55-64
BE,2008,24.0,m,55-64
BG,2005,150.0,m,55-64
BG,2008,127.0,m,55-64
BH,2008,2.0,m,55-64
BN,2008,6.0,m,55-64
BR,2008,2650.0,m,55-64
BS,2008,2.0,m,55-64
BW,2008,113.0,m,55-64
BZ,2008,5.0,m,55-64
CA,2008,38.0,m,55-64
CH,2005,2.0,m,55-64
CH,2006,7.0,m,55-64
CH,2007,5.0,m,55-64
CH,2008,3.0,m,55-64
CM,2008,526.0,m,55-64
CY,2005,0.0,m,55-64
CY,2006,1.0,m,55-64
CY,2007,0.0,m,55-64
CY,2008,0.0,m,55-64
CZ,2005,45.0,m,55-64
CZ,2006,38.0,m,55-64
CZ,2007,39.0,m,55-64
CZ,2008,36.0,m,55-64
DE,2005,92.0,m,55-64
DE,2006,103.0,m,55-64
DE,2007,184.0,m,55-64
DE,2008,96.0,m,55-64
DK,2005,9.0,m,55-64
DK,2006,10.0,m,55-64
DK,2007,16.0,m,55-64
DK,2008,10.0,m,55-64
DM,2008,0.0,m,55-64
DO,2008,122.0,m,55-64
EE,2005,12.0,m,55-64
EE,2006,12.0,m,55-64
EE,2007,21.0,m,55-64
EE,2008,12.0,m,55-64
EG,2008,431.0,m,55-64
ES,2005,140.0,m,55-64
ES,2006,105.0,m,55-64
ES,2007,128.0,m,55-64
ES,2008,157.0,m,55-64
FI,2005,11.0,m,55-64
FI,2006,6.0,m,55-64
FI,2007,7.0,m,55-64
FI,2008,11.0,m,55-64
FM,2008,1.0,m,55-64
FR,2005,134.0,m,55-64
FR,2006,153.0,m,55-64
FR,2007,156.0,m,55-64
FR,2008,110.0,m,55-64
GB,2005,95.0,m,55-64
GB,2006,88.0,m,55-64
GB,2007,97.0,m,55-64
GB,2008,61.0,m,55-64
GE,2006,86.0,m,55-64
GE,2007,96.0,m,55-64
GE,2008,427.0,m,55-64
GM,2008,87.0,m,55-64
GR,2005,12.0,m,55-64
GR,2006,22.0,m,55-64
GR,2007,15.0,m,55-64
GR,2008,6.0,m,55-64
GT,2008,124.0,m,55-64
GU,2008,3.0,m,55-64
GY,2008,22.0,m,55-64
HK,2008,208.0,m,55-64
HN,2008,103.0,m,55-64
HR,2005,47.0,m,55-64
HR,2006,30.0,m,55-64
HR,2008,32.0,m,55-64
HT,2008,242.0,m,55-64
HU,2005,67.0,m,55-64
HU,2006,54.0,m,55-64
HU,2007,50.0,m,55-64
HU,2008,72.0,m,55-64
ID,2008,14907.0,m,55-64
IE,2005,7.0,m,55-64
IE,2006,16.0,m,55-64
IE,2007,26.0,m,55-64
IE,2008,10.0,m,55-64
IL,2005,5.0,m,55-64
IL,2006,6.0,m,55-64
IL,2007,10.0,m,55-64
IL,2008,15.0,m,55-64
IQ,2008,224.0,m,55-64
IR,2008,267.0,m,55-64
IS,2005,0.0,m,55-64
IS,2006,0.0,m,55-64
IS,2007,0.0,m,55-64
IS,2008,0.0,m,55-64
IT,2005,61.0,m,55-64
IT,2006,75.0,m,55-64
IT,2007,48.0,m,55-64
IT,2008,42.0,m,55-64
JM,2008,11.0,m,55-64
JO,2008,13.0,m,55-64
JP,2008,1063.0,m,55-64
KE,2008,1025.0,m,55-64
KG,2005,66.0,m,55-64
KI,2008,2.0,m,55-64
KM,2008,5.0,m,55-64
KN,2008,0.0,m,55-64
KP,2008,2704.0,m,55-64
KR,2008,958.0,m,55-64
KW,2008,11.0,m,55-64
KZ,2005,274.0,m,55-64
KZ,2007,279.0,m,55-64
KZ,2008,306.0,m,55-64
LB,2008,14.0,m,55-64
LC,2008,2.0,m,55-64
LR,2008,169.0,m,55-64
LS,2008,242.0,m,55-64
LT,2005,108.0,m,55-64
LT,2006,107.0,m,55-64
LT,2007,109.0,m,55-64
LT,2008,104.0,m,55-64
LU,2005,1.0,m,55-64
LU,2006,2.0,m,55-64
LU,2007,0.0,m,55-64
LU,2008,0.0,m,55-64
LV,2005,55.0,m,55-64
LV,2006,51.0,m,55-64
LV,2008,47.0,m,55-64
LY,2008,24.0,m,55-64
MA,2008,633.0,m,55-64
MD,2005,106.0,m,55-64
MD,2007,107.0,m,55-64
MD,2008,105.0,m,55-64
ME,2005,4.0,m,55-64
ME,2007,1.0,m,55-64
ME,2008,5.0,m,55-64
MG,2008,836.0,m,55-64
MH,2008,0.0,m,55-64
MK,2005,18.0,m,55-64
MK,2006,18.0,m,55-64
MK,2007,21.0,m,55-64
MK,2008,15.0,m,55-64
ML,2008,314.0,m,55-64
MO,2008,19.0,m,55-64
MP,2008,0.0,m,55-64
MT,2005,1.0,m,55-64
MT,2006,0.0,m,55-64
MT,2007,1.0,m,55-64
MT,2008,0.0,m,55-64
MU,2008,7.0,m,55-64
MX,2008,1004.0,m,55-64
MY,2008,1599.0,m,55-64
NC,2008,1.0,m,55-64
NL,2005,14.0,m,55-64
NL,2006,17.0,m,55-64
NL,2007,15.0,m,55-64
NL,2008,18.0,m,55-64
NO,2005,4.0,m,55-64
NO,2006,3.0,m,55-64
NO,2008,4.0,m,55-64
NR,2008,0.0,m,55-64
NZ,2008,10.0,m,55-64
OM,2008,14.0,m,55-64
PE,2008,608.0,m,55-64
PF,2008,2.0,m,55-64
PL,2005,292.0,m,55-64
PL,2006,357.0,m,55-64
PL,2007,344.0,m,55-64
PL,2008,355.0,m,55-64
PR,2008,11.0,m,55-64
PS,2008,2.0,m,55-64
PT,2005,90.0,m,55-64
PT,2006,94.0,m,55-64
PT,2007,82.0,m,55-64
PT,2008,80.0,m,55-64
PY,2008,91.0,m,55-64
QA,2008,10.0,m,55-64
RO,2005,952.0,m,55-64
RO,2006,847.0,m,55-64
RO,2008,977.0,m,55-64
RS,2005,112.0,m,55-64
RS,2006,83.0,m,55-64
RS,2007,94.0,m,55-64
RS,2008,112.0,m,55-64
RU,2008,2687.0,m,55-64
SB,2008,11.0,m,55-64
SC,2008,0.0,m,55-64
SD,2008,610.0,m,55-64
SE,2005,5.0,m,55-64
SE,2006,3.0,m,55-64
SE,2007,3.0,m,55-64
SE,2008,7.0,m,55-64
SG,2008,94.0,m,55-64
SI,2005,11.0,m,55-64
SI,2006,7.0,m,55-64
SI,2007,12.0,m,55-64
SI,2008,12.0,m,55-64
SK,2005,25.0,m,55-64
SK,2006,29.0,m,55-64
SK,2007,15.0,m,55-64
SK,2008,10.0,m,55-64
SN,2008,351.0,m,55-64
SV,2008,79.0,m,55-64
SZ,2008,80.0,m,55-64
TJ,2005,54.0,m,55-64
TJ,2008,52.0,m,55-64
TM,2005,51.0,m,55-64
TM,2007,56.0,m,55-64
TO,2008,1.0,m,55-64
TR,2005,534.0,m,55-64
TR,2006,575.0,m,55-64
TR,2007,571.0,m,55-64
TR,2008,607.0,m,55-64
TT,2008,29.0,m,55-64
TV,2008,0.0,m,55-64
UA,2007,2130.0,m,55-64
UG,2008,875.0,m,55-64
US,2008,526.0,m,55-64
UY,2008,28.0,m,55-64
UZ,2007,282.0,m,55-64
VE,2008,271.0,m,55-64
ZA,2008,5169.0,m,55-64
AD,2005,0.0,m,65+
AD,2006,1.0,m,65+
AD,2008,0.0,m,65+
AE,2008,6.0,m,65+
AL,2005,37.0,m,65+
AL,2006,20.0,m,65+
AL,2007,19.0,m,65+
AM,2005,24.0,m,65+
AM,2006,17.0,m,65+
AM,2007,20.0,m,65+
AM,2008,15.0,m,65+
AR,2008,295.0,m,65+
AT,2005,30.0,m,65+
AT,2006,19.0,m,65+
AZ,2005,88.0,m,65+
AZ,2006,30.0,m,65+
BA,2005,80.0,m,65+
BA,2006,66.0,m,65+
BA,2007,0.0,m,65+
BA,2008,79.0,m,65+
BB,2008,0.0,m,65+
BE,2005,47.0,m,65+
BE,2006,42.0,m,65+
BE,2008,41.0,m,65+
BG,2005,136.0,m,65+
BG,2008,68.0,m,65+
BH,2008,3.0,m,65+
BN,2008,23.0,m,65+
BR,2008,1905.0,m,65+
BS,2008,0.0,m,65+
BW,2008,85.0,m,65+
BZ,2008,8.0,m,65+
CA,2008,62.0,m,65+
CH,2005,7.0,m,65+
CH,2006,12.0,m,65+
CH,2007,11.0,m,65+
CH,2008,4.0,m,65+
CM,2008,281.0,m,65+
CY,2005,1.0,m,65+
CY,2006,0.0,m,65+
CY,2007,0.0,m,65+
CY,2008,0.0,m,65+
CZ,2005,46.0,m,65+
CZ,2006,25.0,m,65+
CZ,2007,29.0,m,65+
CZ,2008,32.0,m,65+
DE,2005,167.0,m,65+
DE,2006,199.0,m,65+
DE,2007,362.0,m,65+
DE,2008,148.0,m,65+
DK,2005,7.0,m,65+
DK,2006,8.0,m,65+
DK,2007,6.0,m,65+
DK,2008,8.0,m,65+
DM,2008,0.0,m,65+
DO,2008,105.0,m,65+
EE,2005,7.0,m,65+
EE,2006,7.0,m,65+
EE,2007,12.0,m,65+
EE,2008,13.0,m,65+
EG,2008,242.0,m,65+
ES,2005,230.0,m,65+
ES,2006,175.0,m,65+
ES,2007,191.0,m,65+
ES,2008,200.0,m,65+
FI,2005,25.0,m,65+
FI,2006,20.0,m,65+
FI,2007,24.0,m,65+
FI,2008,35.0,m,65+
FM,2008,0.0,m,65+
FR,2005,205.0,m,65+
FR,2006,278.0,m,65+
FR,2007,273.0,m,65+
FR,2008,175.0,m,65+
GB,2005,124.0,m,65+
GB,2006,191.0,m,65+
GB,2007,202.0,m,65+
GB,2008,99.0,m,65+
GE,2006,72.0,m,65+
GE,2007,75.0,m,65+
GE,2008,347.0,m,65+
GM,2008,34.0,m,65+
GR,2005,23.0,m,65+
GR,2006,27.0,m,65+
GR,2007,54.0,m,65+
GR,2008,9.0,m,65+
GT,2008,167.0,m,65+
GU,2008,4.0,m,65+
GY,2008,11.0,m,65+
HK,2008,414.0,m,65+
HN,2008,174.0,m,65+
HR,2005,34.0,m,65+
HR,2006,48.0,m,65+
HR,2008,47.0,m,65+
HT,2008,175.0,m,65+
HU,2005,39.0,m,65+
HU,2006,33.0,m,65+
HU,2007,35.0,m,65+
HU,2008,24.0,m,65+
ID,2008,6831.0,m,65+
IE,2005,6.0,m,65+
IE,2006,13.0,m,65+
IE,2007,26.0,m,65+
IE,2008,13.0,m,65+
IL,2005,14.0,m,65+
IL,2006,10.0,m,65+
IL,2007,17.0,m,65+
IL,2008,25.0,m,65+
IQ,2008,147.0,m,65+
IR,2008,706.0,m,65+
IS,2005,1.0,m,65+
IS,2006,1.0,m,65+
IS,2007,0.0,m,65+
IS,2008,0.0,m,65+
IT,2005,115.0,m,65+
IT,2006,152.0,m,65+
IT,2007,106.0,m,65+
IT,2008,104.0,m,65+
JM,2008,5.0,m,65+
JO,2008,5.0,m,65+
JP,2008,3482.0,m,65+
KE,2008,583.0,m,65+
KG,2005,84.0,m,65+
KI,2008,5.0,m,65+
KM,2008,5.0,m,65+
KN,2008,0.0,m,65+
KP,2008,948.0,m,65+
KR,2008,1848.0,m,65+
KW,2008,9.0,m,65+
KZ,2005,175.0,m,65+
KZ,2007,150.0,m,65+
KZ,2008,160.0,m,65+
LB,2008,6.0,m,65+
LC,2008,1.0,m,65+
LR,2008,98.0,m,65+
LS,2008,138.0,m,65+
LT,2005,67.0,m,65+
LT,2006,74.0,m,65+
LT,2007,76.0,m,65+
LT,2008,71.0,m,65+
LU,2005,2.0,m,65+
LU,2006,3.0,m,65+
LU,2007,0.0,m,65+
LU,2008,0.0,m,65+
LV,2005,34.0,m,65+
LV,2006,26.0,m,65+
LV,2008,27.0,m,65+
LY,2008,19.0,m,65+
MA,2008,589.0,m,65+
MD,2005,31.0,m,65+
MD,2007,35.0,m,65+
MD,2008,32.0,m,65+
ME,2005,8.0,m,65+
ME,2007,3.0,m,65+
ME,2008,1.0,m,65+
MG,2008,465.0,m,65+
MH,2008,0.0,m,65+
MK,2005,13.0,m,65+
MK,2006,7.0,m,65+
MK,2007,19.0,m,65+
MK,2008,15.0,m,65+
ML,2008,250.0,m,65+
MO,2008,13.0,m,65+
MP,2008,3.0,m,65+
MT,2005,0.0,m,65+
MT,2006,1.0,m,65+
MT,2007,3.0,m,65+
MT,2008,0.0,m,65+
MU,2008,8.0,m,65+
MX,2008,1213.0,m,65+
MY,2008,1543.0,m,65+
NC,2008,2.0,m,65+
NL,2005,19.0,m,65+
NL,2006,19.0,m,65+
NL,2007,15.0,m,65+
NL,2008,19.0,m,65+
NO,2005,3.0,m,65+
NO,2006,1.0,m,65+
NO,2008,3.0,m,65+
NR,2008,0.0,m,65+
NZ,2008,18.0,m,65+
OM,2008,10.0,m,65+
PE,2008,921.0,m,65+
PF,2008,2.0,m,65+
PL,2005,310.0,m,65+
PL,2006,285.0,m,65+
PL,2007,285.0,m,65+
PL,2008,239.0,m,65+
PR,2008,6.0,m,65+
PS,2008,2.0,m,65+
PT,2005,93.0,m,65+
PT,2006,108.0,m,65+
PT,2007,112.0,m,65+
PT,2008,84.0,m,65+
PY,2008,90.0,m,65+
QA,2008,2.0,m,65+
RO,2005,638.0,m,65+
RO,2006,580.0,m,65+
RO,2008,625.0,m,65+
RS,2005,132.0,m,65+
RS,2006,144.0,m,65+
RS,2007,106.0,m,65+
RS,2008,107.0,m,65+
RU,2008,1147.0,m,65+
SB,2008,7.0,m,65+
SC,2008,2.0,m,65+
SD,2008,534.0,m,65+
SE,2005,16.0,m,65+
SE,2006,16.0,m,65+
SE,2007,9.0,m,65+
SE,2008,6.0,m,65+
SG,2008,127.0,m,65+
SI,2005,14.0,m,65+
SI,2006,6.0,m,65+
SI,2007,9.0,m,65+
SI,2008,3.0,m,65+
SK,2005,20.0,m,65+
SK,2006,17.0,m,65+
SK,2007,23.0,m,65+
SK,2008,11.0,m,65+
SN,2008,228.0,m,65+
SV,2008,89.0,m,65+
SZ,2008,35.0,m,65+
TJ,2005,48.0,m,65+
TJ,2008,64.0,m,65+
TM,2005,13.0,m,65+
TM,2007,23.0,m,65+
TO,2008,1.0,m,65+
TR,2005,429.0,m,65+
TR,2006,473.0,m,65+
TR,2007,512.0,m,65+
TR,2008,453.0,m,65+
TT,2008,14.0,m,65+
TV,2008,0.0,m,65+
UA,2007,1090.0,m,65+
UG,2008,565.0,m,65+
US,2008,561.0,m,65+
UY,2008,34.0,m,65+
UZ,2007,380.0,m,65+
VE,2008,285.0,m,65+
ZA,2008,2246.0,m,65+
AD,2005,0.0,f,
AD,2006,0.0,f,
AD,2008,0.0,f,
AE,2008,0.0,f,
AL,2005,0.0,f,
AL,2006,0.0,f,
AL,2007,0.0,f,
AM,2005,0.0,f,
AM,2006,0.0,f,
AM,2007,0.0,f,
AM,2008,0.0,f,
AR,2008,5.0,f,
AT,2005,0.0,f,
AT,2006,1.0,f,
AZ,2005,2.0,f,
AZ,2006,0.0,f,
BA,2005,0.0,f,
BA,2006,0.0,f,
BA,2007,0.0,f,
BA,2008,0.0,f,
BB,2008,0.0,f,
BE,2005,1.0,f,
BE,2006,3.0,f,
BE,2008,2.0,f,
BG,2005,0.0,f,
BG,2008,1.0,f,
BH,2008,0.0,f,
BN,2008,0.0,f,
BR,2008,69.0,f,
BS,2008,0.0,f,
BW,2008,5.0,f,
BZ,2008,0.0,f,
CA,2008,0.0,f,
CH,2005,0.0,f,
CH,2006,0.0,f,
CH,2007,0.0,f,
CH,2008,0.0,f,
CM,2008,0.0,f,
CY,2005,0.0,f,
CY,2006,0.0,f,
CY,2007,0.0,f,
CY,2008,0.0,f,
CZ,2005,0.0,f,
CZ,2006,0.0,f,
CZ,2007,0.0,f,
CZ,2008,0.0,f,
DE,2005,3.0,f,
DE,2006,2.0,f,
DE,2007,0.0,f,
DE,2008,1.0,f,
DK,2005,0.0,f,
DK,2006,0.0,f,
DK,2007,1.0,f,
DK,2008,0.0,f,
DM,2008,0.0,f,
DO,2008,4.0,f,
EE,2005,0.0,f,
EE,2006,0.0,f,
EE,2007,0.0,f,
EE,2008,0.0,f,
EG,2008,0.0,f,
ES,2005,6.0,f,
ES,2006,8.0,f,
ES,2007,8.0,f,
ES,2008,3.0,f,
FI,2005,0.0,f,
FI,2006,0.0,f,
FI,2007,0.0,f,
FI,2008,0.0,f,
FM,2008,1.0,f,
FR,2005,5.0,f,
FR,2006,4.0,f,
FR,2007,6.0,f,
FR,2008,1.0,f,
GB,2005,0.0,f,
GB,2006,2.0,f,
GB,2007,1.0,f,
GB,2008,4.0,f,
GE,2006,0.0,f,
GE,2007,2.0,f,
GE,2008,25.0,f,
GM,2008,1.0,f,
GR,2005,0.0,f,
GR,2006,0.0,f,
GR,2007,0.0,f,
GR,2008,0.0,f,
GT,2008,0.0,f,
GU,2008,0.0,f,
GY,2008,0.0,f,
HK,2008,0.0,f,
HN,2008,0.0,f,
HR,2005,0.0,f,
HR,2006,1.0,f,
HR,2008,0.0,f,
HT,2008,19.0,f,
HU,2005,0.0,f,
HU,2006,0.0,f,
HU,2007,1.0,f,
HU,2008,0.0,f,
ID,2008,120.0,f,
IE,2005,0.0,f,
IE,2006,0.0,f,
IE,2007,0.0,f,
IE,2008,0.0,f,
IL,2005,1.0,f,
IL,2006,0.0,f,
IL,2007,0.0,f,
IL,2008,1.0,f,
IQ,2008,1.0,f,
IR,2008,2.0,f,
IS,2005,0.0,f,
IS,2006,0.0,f,
IS,2007,0.0,f,
IS,2008,0.0,f,
IT,2005,0.0,f,
IT,2006,3.0,f,
IT,2007,0.0,f,
IT,2008,3.0,f,
JM,2008,0.0,f,
JO,2008,0.0,f,
JP,2008,0.0,f,
KE,2008,40.0,f,
KG,2005,0.0,f,
KI,2008,0.0,f,
KM,2008,0.0,f,
KN,2008,0.0,f,
KP,2008,7.0,f,
KR,2008,1.0,f,
KW,2008,0.0,f,
KZ,2005,1.0,f,
KZ,2007,0.0,f,
KZ,2008,1.0,f,
LB,2008,0.0,f,
LC,2008,0.0,f,
LR,2008,1.0,f,
LS,2008,1.0,f,
LT,2005,0.0,f,
LT,2006,0.0,f,
LT,2007,0.0,f,
LT,2008,0.0,f,
LU,2005,0.0,f,
LU,2006,0.0,f,
LU,2007,0.0,f,
LU,2008,0.0,f,
LV,2005,0.0,f,
LV,2006,0.0,f,
LV,2008,0.0,f,
LY,2008,0.0,f,
MA,2008,4.0,f,
MD,2005,0.0,f,
MD,2007,0.0,f,
MD,2008,2.0,f,
ME,2005,0.0,f,
ME,2007,0.0,f,
ME,2008,0.0,f,
MG,2008,19.0,f,
MH,2008,0.0,f,
MK,2005,1.0,f,
MK,2006,0.0,f,
MK,2007,0.0,f,
MK,2008,0.0,f,
ML,2008,3.0,f,
MO,2008,0.0,f,
MP,2008,0.0,f,
MT,2005,0.0,f,
MT,2006,0.0,f,
MT,2007,0.0,f,
MT,2008,0.0,f,
MU,2008,0.0,f,
MX,2008,30.0,f,
MY,2008,66.0,f,
NC,2008,0.0,f,
NL,2005,0.0,f,
NL,2006,0.0,f,
NL,2007,0.0,f,
NL,2008,0.0,f,
NO,2005,0.0,f,
NO,2006,0.0,f,
NO,2008,0.0,f,
NR,2008,0.0,f,
NZ,2008,1.0,f,
OM,2008,0.0,f,
PE,2008,5.0,f,
PF,2008,0.0,f,
PL,2005,0.0,f,
PL,2006,0.0,f,
PL,2007,0.0,f,
PL,2008,0.0,f,
PR,2008,0.0,f,
PS,2008,0.0,f,
PT,2005,3.0,f,
PT,2006,1.0,f,
PT,2007,0.0,f,
PT,2008,0.0,f,
PY,2008,1.0,f,
QA,2008,0.0,f,
RO,2005,8.0,f,
RO,2006,12.0,f,
RO,2008,5.0,f,
RS,2005,0.0,f,
RS,2006,0.0,f,
RS,2007,0.0,f,
RS,2008,0.0,f,
RU,2008,0.0,f,
SB,2008,0.0,f,
SC,2008,0.0,f,
SD,2008,41.0,f,
SE,2005,0.0,f,
SE,2006,0.0,f,
SE,2007,0.0,f,
SE,2008,0.0,f,
SG,2008,0.0,f,
SI,2005,0.0,f,
SI,2006,0.0,f,
SI,2007,0.0,f,
SI,2008,0.0,f,
SK,2005,0.0,f,
SK,2006,0.0,f,
SK,2007,0.0,f,
SK,2008,1.0,f,
SN,2008,1.0,f,
SV,2008,0.0,f,
SZ,2008,2.0,f,
TJ,2005,0.0,f,
TJ,2008,0.0,f,
TM,2005,1.0,f,
TM,2007,0.0,f,
TO,2008,0.0,f,
TR,2005,2.0,f,
TR,2006,4.0,f,
TR,2007,2.0,f,
TR,2008,5.0,f,
TT,2008,1.0,f,
TV,2008,0.0,f,
UA,2007,0.0,f,
UG,2008,0.0,f,
US,2008,4.0,f,
UY,2008,0.0,f,
UZ,2007,1.0,f,
VE,2008,0.0,f,
ZA,2008,298.0,f,
AD,2005,0.0,f,
AD,2006,0.0,f,
AD,2008,0.0,f,
AE,2008,0.0,f,
AL,2005,0.0,f,
AL,2006,2.0,f,
AL,2007,2.0,f,
AM,2005,3.0,f,
AM,2006,3.0,f,
AM,2007,2.0,f,
AM,2008,4.0,f,
AR,2008,61.0,f,
AT,2005,0.0,f,
AT,2006,1.0,f,
AZ,2005,88.0,f,
AZ,2006,2.0,f,
BA,2005,2.0,f,
BA,2006,0.0,f,
BA,2007,0.0,f,
BA,2008,3.0,f,
BB,2008,0.0,f,
BE,2005,1.0,f,
BE,2006,3.0,f,
BE,2008,1.0,f,
BG,2005,9.0,f,
BG,2008,0.0,f,
BH,2008,0.0,f,
BN,2008,1.0,f,
BR,2008,287.0,f,
BS,2008,0.0,f,
BW,2008,37.0,f,
BZ,2008,0.0,f,
CA,2008,3.0,f,
CH,2005,0.0,f,
CH,2006,1.0,f,
CH,2007,1.0,f,
CH,2008,1.0,f,
CM,2008,0.0,f,
CY,2005,0.0,f,
CY,2006,0.0,f,
CY,2007,0.0,f,
CY,2008,0.0,f,
CZ,2005,0.0,f,
CZ,2006,0.0,f,
CZ,2007,0.0,f,
CZ,2008,0.0,f,
DE,2005,1.0,f,
DE,2006,5.0,f,
DE,2007,4.0,f,
DE,2008,5.0,f,
DK,2005,2.0,f,
DK,2006,1.0,f,
DK,2007,0.0,f,
DK,2008,2.0,f,
DM,2008,0.0,f,
DO,2008,30.0,f,
EE,2005,0.0,f,
EE,2006,0.0,f,
EE,2007,0.0,f,
EE,2008,0.0,f,
EG,2008,7.0,f,
ES,2005,4.0,f,
ES,2006,9.0,f,
ES,2007,4.0,f,
ES,2008,10.0,f,
FI,2005,0.0,f,
FI,2006,0.0,f,
FI,2007,0.0,f,
FI,2008,0.0,f,
FM,2008,0.0,f,
FR,2005,11.0,f,
FR,2006,11.0,f,
FR,2007,14.0,f,
FR,2008,7.0,f,
GB,2005,14.0,f,
GB,2006,20.0,f,
GB,2007,19.0,f,
GB,2008,12.0,f,
GE,2006,5.0,f,
GE,2007,4.0,f,
GE,2008,83.0,f,
GM,2008,8.0,f,
GR,2005,0.0,f,
GR,2006,0.0,f,
GR,2007,0.0,f,
GR,2008,0.0,f,
GT,2008,22.0,f,
GU,2008,0.0,f,
GY,2008,4.0,f,
HK,2008,8.0,f,
HN,2008,26.0,f,
HR,2005,1.0,f,
HR,2006,1.0,f,
HR,2008,1.0,f,
HT,2008,135.0,f,
HU,2005,1.0,f,
HU,2006,3.0,f,
HU,2007,2.0,f,
HU,2008,0.0,f,
ID,2008,895.0,f,
IE,2005,0.0,f,
IE,2006,0.0,f,
IE,2007,0.0,f,
IE,2008,0.0,f,
IL,2005,0.0,f,
IL,2006,0.0,f,
IL,2007,1.0,f,
IL,2008,1.0,f,
IQ,2008,53.0,f,
IR,2008,40.0,f,
IS,2005,0.0,f,
IS,2006,0.0,f,
IS,2007,0.0,f,
IS,2008,0.0,f,
IT,2005,3.0,f,
IT,2006,6.0,f,
IT,2007,7.0,f,
IT,2008,7.0,f,
JM,2008,1.0,f,
JO,2008,0.0,f,
JP,2008,1.0,f,
KE,2008,546.0,f,
KG,2005,15.0,f,
KI,2008,4.0,f,
KM,2008,2.0,f,
KN,2008,0.0,f,
KP,2008,472.0,f,
KR,2008,31.0,f,
KW,2008,2.0,f,
KZ,2005,45.0,f,
KZ,2007,38.0,f,
KZ,2008,43.0,f,
LB,2008,2.0,f,
LC,2008,1.0,f,
LR,2008,55.0,f,
LS,2008,23.0,f,
LT,2005,1.0,f,
LT,2006,0.0,f,
LT,2007,0.0,f,
LT,2008,1.0,f,
LU,2005,0.0,f,
LU,2006,0.0,f,
LU,2007,0.0,f,
LU,2008,0.0,f,
LV,2005,0.0,f,
LV,2006,0.0,f,
LV,2008,0.0,f,
LY,2008,6.0,f,
MA,2008,120.0,f,
MD,2005,3.0,f,
MD,2007,2.0,f,
MD,2008,2.0,f,
ME,2005,0.0,f,
ME,2007,0.0,f,
ME,2008,0.0,f,
MG,2008,232.0,f,
MH,2008,2.0,f,
MK,2005,1.0,f,
MK,2006,3.0,f,
MK,2007,4.0,f,
MK,2008,2.0,f,
ML,2008,34.0,f,
MO,2008,2.0,f,
MP,2008,0.0,f,
MT,2005,0.0,f,
MT,2006,0.0,f,
MT,2007,0.0,f,
MT,2008,0.0,f,
MU,2008,0.0,f,
MX,2008,96.0,f,
MY,2008,174.0,f,
NC,2008,0.0,f,
NL,2005,3.0,f,
NL,2006,3.0,f,
NL,2007,1.0,f,
NL,2008,2.0,f,
NO,2005,0.0,f,
NO,2006,1.0,f,
NO,2008,0.0,f,
NR,2008,0.0,f,
NZ,2008,0.0,f,
OM,2008,1.0,f,
PE,2008,47.0,f,
PF,2008,0.0,f,
PL,2005,3.0,f,
PL,2006,1.0,f,
PL,2007,4.0,f,
PL,2008,3.0,f,
PR,2008,0.0,f,
PS,2008,0.0,f,
PT,2005,4.0,f,
PT,2006,3.0,f,
PT,2007,2.0,f,
PT,2008,3.0,f,
PY,2008,9.0,f,
QA,2008,0.0,f,
RO,2005,47.0,f,
RO,2006,25.0,f,
RO,2008,32.0,f,
RS,2005,6.0,f,
RS,2006,7.0,f,
RS,2007,2.0,f,
RS,2008,3.0,f,
RU,2008,33.0,f,
SB,2008,4.0,f,
SC,2008,0.0,f,
SD,2008,280.0,f,
SE,2005,1.0,f,
SE,2006,1.0,f,
SE,2007,1.0,f,
SE,2008,0.0,f,
SG,2008,0.0,f,
SI,2005,0.0,f,
SI,2006,0.0,f,
SI,2007,0.0,f,
SI,2008,0.0,f,
SK,2005,0.0,f,
SK,2006,0.0,f,
SK,2007,1.0,f,
SK,2008,0.0,f,
SN,2008,78.0,f,
SV,2008,8.0,f,
SZ,2008,37.0,f,
TJ,2005,26.0,f,
TJ,2008,25.0,f,
TM,2005,2.0,f,
TM,2007,6.0,f,
TO,2008,0.0,f,
TR,2005,48.0,f,
TR,2006,52.0,f,
TR,2007,61.0,f,
TR,2008,52.0,f,
TT,2008,0.0,f,
TV,2008,0.0,f,
UA,2007,20.0,f,
UG,2008,382.0,f,
US,2008,18.0,f,
UY,2008,4.0,f,
UZ,2007,24.0,f,
VE,2008,25.0,f,
ZA,2008,2062.0,f,
AD,2005,0.0,f,0-14
AD,2006,0.0,f,0-14
AD,2008,0.0,f,0-14
AE,2008,0.0,f,0-14
AL,2005,0.0,f,0-14
AL,2006,2.0,f,0-14
AL,2007,2.0,f,0-14
AM,2005,3.0,f,0-14
AM,2006,3.0,f,0-14
AM,2007,2.0,f,0-14
AM,2008,4.0,f,0-14
AR,2008,66.0,f,0-14
AT,2005,0.0,f,0-14
AT,2006,2.0,f,0-14
AZ,2005,90.0,f,0-14
AZ,2006,2.0,f,0-14
BA,2005,2.0,f,0-14
BA,2006,0.0,f,0-14
BA,2007,0.0,f,0-14
BA,2008,3.0,f,0-14
BB,2008,0.0,f,0-14
BE,2005,2.0,f,0-14
BE,2006,6.0,f,0-14
BE,2008,3.0,f,0-14
BG,2005,9.0,f,0-14
BG,2008,1.0,f,0-14
BH,2008,0.0,f,0-14
BN,2008,1.0,f,0-14
BR,2008,356.0,f,0-14
BS,2008,0.0,f,0-14
BW,2008,42.0,f,0-14
BZ,2008,0.0,f,0-14
CA,2008,3.0,f,0-14
CH,2005,0.0,f,0-14
CH,2006,1.0,f,0-14
CH,2007,1.0,f,0-14
CH,2008,1.0,f,0-14
CM,2008,173.0,f,0-14
CY,2005,0.0,f,0-14
CY,2006,0.0,f,0-14
CY,2007,0.0,f,0-14
CY,2008,0.0,f,0-14
CZ,2005,0.0,f,0-14
CZ,2006,0.0,f,0-14
CZ,2007,0.0,f,0-14
CZ,2008,0.0,f,0-14
DE,2005,4.0,f,0-14
DE,2006,7.0,f,0-14
DE,2007,4.0,f,0-14
DE,2008,6.0,f,0-14
DK,2005,2.0,f,0-14
DK,2006,1.0,f,0-14
DK,2007,1.0,f,0-14
DK,2008,2.0,f,0-14
DM,2008,0.0,f,0-14
DO,2008,34.0,f,0-14
EE,2005,0.0,f,0-14
EE,2006,0.0,f,0-14
EE,2007,0.0,f,0-14
EE,2008,0.0,f,0-14
EG,2008,7.0,f,0-14
ES,2005,10.0,f,0-14
ES,2006,17.0,f,0-14
ES,2007,12.0,f,0-14
ES,2008,13.0,f,0-14
FI,2005,0.0,f,0-14
FI,2006,0.0,f,0-14
FI,2007,0.0,f,0-14
FI,2008,0.0,f,0-14
FM,2008,1.0,f,0-14
FR,2005,16.0,f,0-14
FR,2006,15.0,f,0-14
FR,2007,20.0,f,0-14
FR,2008,8.0,f,0-14
GB,2005,14.0,f,0-14
GB,2006,22.0,f,0-14
GB,2007,20.0,f,0-14
GB,2008,16.0,f,0-14
GE,2006,5.0,f,0-14
GE,2007,6.0,f,0-14
GE,2008,108.0,f,0-14
GM,2008,9.0,f,0-14
GR,2005,0.0,f,0-14
GR,2006,0.0,f,0-14
GR,2007,0.0,f,0-14
GR,2008,0.0,f,0-14
GT,2008,22.0,f,0-14
GU,2008,0.0,f,0-14
GY,2008,4.0,f,0-14
HK,2008,8.0,f,0-14
HN,2008,26.0,f,0-14
HR,2005,1.0,f,0-14
HR,2006,2.0,f,0-14
HR,2008,1.0,f,0-14
HT,2008,154.0,f,0-14
HU,2005,1.0,f,0-14
HU,2006,3.0,f,0-14
HU,2007,3.0,f,0-14
HU,2008,0.0,f,0-14
ID,2008,1015.0,f,0-14
IE,2005,0.0,f,0-14
IE,2006,0.0,f,0-14
IE,2007,0.0,f,0-14
IE,2008,0.0,f,0-14
IL,2005,1.0,f,0-14
IL,2006,0.0,f,0-14
IL,2007,1.0,f,0-14
IL,2008,2.0,f,0-14
IQ,2008,54.0,f,0-14
IR,2008,42.0,f,0-14
IS,2005,0.0,f,0-14
IS,2006,0.0,f,0-14
IS,2007,0.0,f,0-14
IS,2008,0.0,f,0-14
IT,2005,3.0,f,0-14
IT,2006,9.0,f,0-14
IT,2007,7.0,f,0-14
IT,2008,10.0,f,0-14
JM,2008,1.0,f,0-14
JO,2008,0.0,f,0-14
JP,2008,1.0,f,0-14
KE,2008,586.0,f,0-14
KG,2005,15.0,f,0-14
KI,2008,4.0,f,0-14
KM,2008,2.0,f,0-14
KN,2008,0.0,f,0-14
KP,2008,479.0,f,0-14
KR,2008,32.0,f,0-14
KW,2008,2.0,f,0-14
KZ,2005,46.0,f,0-14
KZ,2007,38.0,f,0-14
KZ,2008,44.0,f,0-14
LB,2008,2.0,f,0-14
LC,2008,1.0,f,0-14
LR,2008,56.0,f,0-14
LS,2008,24.0,f,0-14
LT,2005,1.0,f,0-14
LT,2006,0.0,f,0-14
LT,2007,0.0,f,0-14
LT,2008,1.0,f,0-14
LU,2005,0.0,f,0-14
LU,2006,0.0,f,0-14
LU,2007,0.0,f,0-14
LU,2008,0.0,f,0-14
LV,2005,0.0,f,0-14
LV,2006,0.0,f,0-14
LV,2008,0.0,f,0-14
LY,2008,6.0,f,0-14
MA,2008,124.0,f,0-14
MD,2005,3.0,f,0-14
MD,2007,2.0,f,0-14
MD,2008,4.0,f,0-14
ME,2005,0.0,f,0-14
ME,2007,0.0,f,0-14
ME,2008,0.0,f,0-14
MG,2008,251.0,f,0-14
MH,2008,2.0,f,0-14
MK,2005,2.0,f,0-14
MK,2006,3.0,f,0-14
MK,2007,4.0,f,0-14
MK,2008,2.0,f,0-14
ML,2008,37.0,f,0-14
MO,2008,2.0,f,0-14
MP,2008,0.0,f,0-14
MT,2005,0.0,f,0-14
MT,2006,0.0,f,0-14
MT,2007,0.0,f,0-14
MT,2008,0.0,f,0-14
MU,2008,0.0,f,0-14
MX,2008,126.0,f,0-14
MY,2008,240.0,f,0-14
NC,2008,0.0,f,0-14
NL,2005,3.0,f,0-14
NL,2006,3.0,f,0-14
NL,2007,1.0,f,0-14
NL,2008,2.0,f,0-14
NO,2005,0.0,f,0-14
NO,2006,1.0,f,0-14
NO,2008,0.0,f,0-14
NR,2008,0.0,f,0-14
NZ,2008,1.0,f,0-14
OM,2008,1.0,f,0-14
PE,2008,52.0,f,0-14
PF,2008,0.0,f,0-14
PL,2005,3.0,f,0-14
PL,2006,1.0,f,0-14
PL,2007,4.0,f,0-14
PL,2008,3.0,f,0-14
PR,2008,0.0,f,0-14
PS,2008,0.0,f,0-14
PT,2005,7.0,f,0-14
PT,2006,4.0,f,0-14
PT,2007,2.0,f,0-14
PT,2008,3.0,f,0-14
PY,2008,10.0,f,0-14
QA,2008,0.0,f,0-14
RO,2005,55.0,f,0-14
RO,2006,37.0,f,0-14
RO,2008,37.0,f,0-14
RS,2005,6.0,f,0-14
RS,2006,7.0,f,0-14
RS,2007,2.0,f,0-14
RS,2008,3.0,f,0-14
RU,2008,33.0,f,0-14
SB,2008,4.0,f,0-14
SC,2008,0.0,f,0-14
SD,2008,321.0,f,0-14
SE,2005,1.0,f,0-14
SE,2006,1.0,f,0-14
SE,2007,1.0,f,0-14
SE,2008,0.0,f,0-14
SG,2008,0.0,f,0-14
SI,2005,0.0,f,0-14
SI,2006,0.0,f,0-14
SI,2007,0.0,f,0-14
SI,2008,0.0,f,0-14
SK,2005,0.0,f,0-14
SK,2006,0.0,f,0-14
SK,2007,1.0,f,0-14
SK,2008,1.0,f,0-14
SN,2008,79.0,f,0-14
SV,2008,8.0,f,0-14
SZ,2008,39.0,f,0-14
TJ,2005,26.0,f,0-14
TJ,2008,25.0,f,0-14
TM,2005,3.0,f,0-14
TM,2007,6.0,f,0-14
TO,2008,0.0,f,0-14
TR,2005,50.0,f,0-14
TR,2006,56.0,f,0-14
TR,2007,63.0,f,0-14
TR,2008,57.0,f,0-14
TT,2008,1.0,f,0-14
TV,2008,0.0,f,0-14
UA,2007,7.0,f,0-14
UG,2008,382.0,f,0-14
US,2008,22.0,f,0-14
UY,2008,4.0,f,0-14
UZ,2007,25.0,f,0-14
VE,2008,25.0,f,0-14
ZA,2008,2360.0,f,0-14
AD,2005,1.0,f,15-24
AD,2006,0.0,f,15-24
AD,2008,0.0,f,15-24
AE,2008,10.0,f,15-24
AL,2005,3.0,f,15-24
AL,2006,12.0,f,15-24
AL,2007,13.0,f,15-24
AM,2005,27.0,f,15-24
AM,2006,28.0,f,15-24
AM,2007,31.0,f,15-24
AM,2008,44.0,f,15-24
AR,2008,536.0,f,15-24
AT,2005,13.0,f,15-24
AT,2006,12.0,f,15-24
AZ,2005,64.0,f,15-24
AZ,2006,51.0,f,15-24
BA,2005,35.0,f,15-24
BA,2006,41.0,f,15-24
BA,2007,0.0,f,15-24
BA,2008,26.0,f,15-24
BB,2008,0.0,f,15-24
BE,2005,27.0,f,15-24
BE,2006,25.0,f,15-24
BE,2008,17.0,f,15-24
BG,2005,90.0,f,15-24
BG,2008,57.0,f,15-24
BH,2008,12.0,f,15-24
BN,2008,6.0,f,15-24
BR,2008,2709.0,f,15-24
BS,2008,1.0,f,15-24
BW,2008,347.0,f,15-24
BZ,2008,5.0,f,15-24
CA,2008,36.0,f,15-24
CH,2005,6.0,f,15-24
CH,2006,10.0,f,15-24
CH,2007,9.0,f,15-24
CH,2008,3.0,f,15-24
CM,2008,1506.0,f,15-24
CY,2005,1.0,f,15-24
CY,2006,2.0,f,15-24
CY,2007,1.0,f,15-24
CY,2008,1.0,f,15-24
CZ,2005,3.0,f,15-24
CZ,2006,4.0,f,15-24
CZ,2007,6.0,f,15-24
CZ,2008,4.0,f,15-24
DE,2005,51.0,f,15-24
DE,2006,66.0,f,15-24
DE,2007,120.0,f,15-24
DE,2008,35.0,f,15-24
DK,2005,11.0,f,15-24
DK,2006,6.0,f,15-24
DK,2007,8.0,f,15-24
DK,2008,5.0,f,15-24
DM,2008,0.0,f,15-24
DO,2008,288.0,f,15-24
EE,2005,6.0,f,15-24
EE,2006,3.0,f,15-24
EE,2007,2.0,f,15-24
EE,2008,2.0,f,15-24
EG,2008,382.0,f,15-24
ES,2005,142.0,f,15-24
ES,2006,122.0,f,15-24
ES,2007,164.0,f,15-24
ES,2008,168.0,f,15-24
FI,2005,3.0,f,15-24
FI,2006,2.0,f,15-24
FI,2007,6.0,f,15-24
FI,2008,4.0,f,15-24
FM,2008,10.0,f,15-24
FR,2005,104.0,f,15-24
FR,2006,112.0,f,15-24
FR,2007,127.0,f,15-24
FR,2008,57.0,f,15-24
GB,2005,115.0,f,15-24
GB,2006,168.0,f,15-24
GB,2007,145.0,f,15-24
GB,2008,134.0,f,15-24
GE,2006,115.0,f,15-24
GE,2007,153.0,f,15-24
GE,2008,396.0,f,15-24
GM,2008,94.0,f,15-24
GR,2005,13.0,f,15-24
GR,2006,13.0,f,15-24
GR,2007,13.0,f,15-24
GR,2008,5.0,f,15-24
GT,2008,199.0,f,15-24
GU,2008,1.0,f,15-24
GY,2008,20.0,f,15-24
HK,2008,65.0,f,15-24
HN,2008,152.0,f,15-24
HR,2005,12.0,f,15-24
HR,2006,16.0,f,15-24
HR,2008,11.0,f,15-24
HT,2008,1272.0,f,15-24
HU,2005,5.0,f,15-24
HU,2006,17.0,f,15-24
HU,2007,12.0,f,15-24
HU,2008,11.0,f,15-24
ID,2008,13987.0,f,15-24
IE,2005,9.0,f,15-24
IE,2006,11.0,f,15-24
IE,2007,14.0,f,15-24
IE,2008,12.0,f,15-24
IL,2005,3.0,f,15-24
IL,2006,1.0,f,15-24
IL,2007,4.0,f,15-24
IL,2008,4.0,f,15-24
IQ,2008,377.0,f,15-24
IR,2008,386.0,f,15-24
IS,2005,0.0,f,15-24
IS,2006,0.0,f,15-24
IS,2007,0.0,f,15-24
IS,2008,0.0,f,15-24
IT,2005,80.0,f,15-24
IT,2006,88.0,f,15-24
IT,2007,74.0,f,15-24
IT,2008,65.0,f,15-24
JM,2008,8.0,f,15-24
JO,2008,20.0,f,15-24
JP,2008,115.0,f,15-24
KE,2008,4355.0,f,15-24
KG,2005,215.0,f,15-24
KI,2008,33.0,f,15-24
KM,2008,6.0,f,15-24
KN,2008,0.0,f,15-24
KP,2008,1259.0,f,15-24
KR,2008,483.0,f,15-24
KW,2008,33.0,f,15-24
KZ,2005,751.0,f,15-24
KZ,2007,782.0,f,15-24
KZ,2008,710.0,f,15-24
LB,2008,24.0,f,15-24
LC,2008,0.0,f,15-24
LR,2008,115.0,f,15-24
LS,2008,343.0,f,15-24
LT,2005,25.0,f,15-24
LT,2006,25.0,f,15-24
LT,2007,34.0,f,15-24
LT,2008,20.0,f,15-24
LU,2005,0.0,f,15-24
LU,2006,2.0,f,15-24
LU,2007,0.0,f,15-24
LU,2008,0.0,f,15-24
LV,2005,17.0,f,15-24
LV,2006,17.0,f,15-24
LV,2008,11.0,f,15-24
LY,2008,56.0,f,15-24
MA,2008,1081.0,f,15-24
MD,2005,97.0,f,15-24
MD,2007,97.0,f,15-24
MD,2008,85.0,f,15-24
ME,2005,0.0,f,15-24
ME,2007,3.0,f,15-24
ME,2008,4.0,f,15-24
MG,2008,1433.0,f,15-24
MH,2008,3.0,f,15-24
MK,2005,17.0,f,15-24
MK,2006,16.0,f,15-24
MK,2007,11.0,f,15-24
MK,2008,24.0,f,15-24
ML,2008,332.0,f,15-24
MO,2008,7.0,f,15-24
MP,2008,0.0,f,15-24
MT,2005,0.0,f,15-24
MT,2006,0.0,f,15-24
MT,2007,2.0,f,15-24
MT,2008,1.0,f,15-24
MU,2008,2.0,f,15-24
MX,2008,752.0,f,15-24
MY,2008,1161.0,f,15-24
NC,2008,0.0,f,15-24
NL,2005,14.0,f,15-24
NL,2006,15.0,f,15-24
NL,2007,12.0,f,15-24
NL,2008,13.0,f,15-24
NO,2005,4.0,f,15-24
NO,2006,5.0,f,15-24
NO,2008,1.0,f,15-24
NR,2008,0.0,f,15-24
NZ,2008,8.0,f,15-24
OM,2008,20.0,f,15-24
PE,2008,2644.0,f,15-24
PF,2008,1.0,f,15-24
PL,2005,95.0,f,15-24
PL,2006,83.0,f,15-24
PL,2007,65.0,f,15-24
PL,2008,65.0,f,15-24
PR,2008,1.0,f,15-24
PS,2008,2.0,f,15-24
PT,2005,67.0,f,15-24
PT,2006,56.0,f,15-24
PT,2007,49.0,f,15-24
PT,2008,54.0,f,15-24
PY,2008,92.0,f,15-24
QA,2008,4.0,f,15-24
RO,2005,758.0,f,15-24
RO,2006,669.0,f,15-24
RO,2008,557.0,f,15-24
RS,2005,69.0,f,15-24
RS,2006,78.0,f,15-24
RS,2007,38.0,f,15-24
RS,2008,42.0,f,15-24
RU,2008,1467.0,f,15-24
SB,2008,13.0,f,15-24
SC,2008,0.0,f,15-24
SD,2008,850.0,f,15-24
SE,2005,10.0,f,15-24
SE,2006,12.0,f,15-24
SE,2007,5.0,f,15-24
SE,2008,12.0,f,15-24
SG,2008,9.0,f,15-24
SI,2005,4.0,f,15-24
SI,2006,5.0,f,15-24
SI,2007,1.0,f,15-24
SI,2008,2.0,f,15-24
SK,2005,1.0,f,15-24
SK,2006,6.0,f,15-24
SK,2007,5.0,f,15-24
SK,2008,2.0,f,15-24
SN,2008,816.0,f,15-24
SV,2008,73.0,f,15-24
SZ,2008,427.0,f,15-24
TJ,2005,225.0,f,15-24
TJ,2008,290.0,f,15-24
TM,2005,100.0,f,15-24
TM,2007,129.0,f,15-24
TO,2008,0.0,f,15-24
TR,2005,699.0,f,15-24
TR,2006,769.0,f,15-24
TR,2007,708.0,f,15-24
TR,2008,653.0,f,15-24
TT,2008,11.0,f,15-24
TV,2008,1.0,f,15-24
UA,2007,982.0,f,15-24
UG,2008,2006.0,f,15-24
US,2008,220.0,f,15-24
UY,2008,26.0,f,15-24
UZ,2007,485.0,f,15-24
VE,2008,309.0,f,15-24
ZA,2008,14010.0,f,15-24
AD,2005,1.0,f,25-34
AD,2006,1.0,f,25-34
AD,2008,0.0,f,25-34
AE,2008,4.0,f,25-34
AL,2005,9.0,f,25-34
AL,2006,8.0,f,25-34
AL,2007,9.0,f,25-34
AM,2005,21.0,f,25-34
AM,2006,29.0,f,25-34
AM,2007,22.0,f,25-34
AM,2008,25.0,f,25-34
AR,2008,506.0,f,25-34
AT,2005,11.0,f,25-34
AT,2006,12.0,f,25-34
AZ,2005,98.0,f,25-34
AZ,2006,66.0,f,25-34
BA,2005,39.0,f,25-34
BA,2006,50.0,f,25-34
BA,2007,0.0,f,25-34
BA,2008,26.0,f,25-34
BB,2008,0.0,f,25-34
BE,2005,31.0,f,25-34
BE,2006,25.0,f,25-34
BE,2008,40.0,f,25-34
BG,2005,111.0,f,25-34
BG,2008,78.0,f,25-34
BH,2008,16.0,f,25-34
BN,2008,11.0,f,25-34
BR,2008,3233.0,f,25-34
BS,2008,4.0,f,25-34
BW,2008,474.0,f,25-34
BZ,2008,0.0,f,25-34
CA,2008,39.0,f,25-34
CH,2005,11.0,f,25-34
CH,2006,16.0,f,25-34
CH,2007,17.0,f,25-34
CH,2008,13.0,f,25-34
CM,2008,2041.0,f,25-34
CY,2005,0.0,f,25-34
CY,2006,3.0,f,25-34
CY,2007,3.0,f,25-34
CY,2008,2.0,f,25-34
CZ,2005,14.0,f,25-34
CZ,2006,12.0,f,25-34
CZ,2007,8.0,f,25-34
CZ,2008,14.0,f,25-34
DE,2005,104.0,f,25-34
DE,2006,109.0,f,25-34
DE,2007,176.0,f,25-34
DE,2008,68.0,f,25-34
DK,2005,5.0,f,25-34
DK,2006,12.0,f,25-34
DK,2007,12.0,f,25-34
DK,2008,7.0,f,25-34
DM,2008,0.0,f,25-34
DO,2008,272.0,f,25-34
EE,2005,11.0,f,25-34
EE,2006,9.0,f,25-34
EE,2007,5.0,f,25-34
EE,2008,7.0,f,25-34
EG,2008,412.0,f,25-34
ES,2005,252.0,f,25-34
ES,2006,264.0,f,25-34
ES,2007,291.0,f,25-34
ES,2008,294.0,f,25-34
FI,2005,4.0,f,25-34
FI,2006,4.0,f,25-34
FI,2007,4.0,f,25-34
FI,2008,3.0,f,25-34
FM,2008,2.0,f,25-34
FR,2005,134.0,f,25-34
FR,2006,158.0,f,25-34
FR,2007,167.0,f,25-34
FR,2008,96.0,f,25-34
GB,2005,163.0,f,25-34
GB,2006,192.0,f,25-34
GB,2007,222.0,f,25-34
GB,2008,181.0,f,25-34
GE,2006,110.0,f,25-34
GE,2007,140.0,f,25-34
GE,2008,374.0,f,25-34
GM,2008,133.0,f,25-34
GR,2005,18.0,f,25-34
GR,2006,12.0,f,25-34
GR,2007,19.0,f,25-34
GR,2008,9.0,f,25-34
GT,2008,189.0,f,25-34
GU,2008,2.0,f,25-34
GY,2008,23.0,f,25-34
HK,2008,84.0,f,25-34
HN,2008,170.0,f,25-34
HR,2005,18.0,f,25-34
HR,2006,26.0,f,25-34
HR,2008,16.0,f,25-34
HT,2008,1204.0,f,25-34
HU,2005,13.0,f,25-34
HU,2006,16.0,f,25-34
HU,2007,22.0,f,25-34
HU,2008,13.0,f,25-34
ID,2008,16292.0,f,25-34
IE,2005,10.0,f,25-34
IE,2006,20.0,f,25-34
IE,2007,28.0,f,25-34
IE,2008,16.0,f,25-34
IL,2005,9.0,f,25-34
IL,2006,5.0,f,25-34
IL,2007,17.0,f,25-34
IL,2008,11.0,f,25-34
IQ,2008,281.0,f,25-34
IR,2008,254.0,f,25-34
IS,2005,0.0,f,25-34
IS,2006,2.0,f,25-34
IS,2007,0.0,f,25-34
IS,2008,0.0,f,25-34
IT,2005,145.0,f,25-34
IT,2006,165.0,f,25-34
IT,2007,94.0,f,25-34
IT,2008,106.0,f,25-34
JM,2008,3.0,f,25-34
JO,2008,15.0,f,25-34
JP,2008,293.0,f,25-34
KE,2008,5475.0,f,25-34
KG,2005,236.0,f,25-34
KI,2008,9.0,f,25-34
KM,2008,11.0,f,25-34
KN,2008,1.0,f,25-34
KP,2008,1792.0,f,25-34
KR,2008,722.0,f,25-34
KW,2008,47.0,f,25-34
KZ,2005,767.0,f,25-34
KZ,2007,605.0,f,25-34
KZ,2008,659.0,f,25-34
LB,2008,32.0,f,25-34
LC,2008,1.0,f,25-34
LR,2008,237.0,f,25-34
LS,2008,700.0,f,25-34
LT,2005,41.0,f,25-34
LT,2006,48.0,f,25-34
LT,2007,41.0,f,25-34
LT,2008,51.0,f,25-34
LU,2005,2.0,f,25-34
LU,2006,3.0,f,25-34
LU,2007,0.0,f,25-34
LU,2008,0.0,f,25-34
LV,2005,31.0,f,25-34
LV,2006,27.0,f,25-34
LV,2008,23.0,f,25-34
LY,2008,35.0,f,25-34
MA,2008,803.0,f,25-34
MD,2005,92.0,f,25-34
MD,2007,85.0,f,25-34
MD,2008,81.0,f,25-34
ME,2005,7.0,f,25-34
ME,2007,3.0,f,25-34
ME,2008,5.0,f,25-34
MG,2008,1846.0,f,25-34
MH,2008,2.0,f,25-34
MK,2005,13.0,f,25-34
MK,2006,9.0,f,25-34
MK,2007,12.0,f,25-34
MK,2008,15.0,f,25-34
ML,2008,516.0,f,25-34
MO,2008,6.0,f,25-34
MP,2008,0.0,f,25-34
MT,2005,0.0,f,25-34
MT,2006,0.0,f,25-34
MT,2007,0.0,f,25-34
MT,2008,1.0,f,25-34
MU,2008,3.0,f,25-34
MX,2008,826.0,f,25-34
MY,2008,1283.0,f,25-34
NC,2008,1.0,f,25-34
NL,2005,19.0,f,25-34
NL,2006,17.0,f,25-34
NL,2007,22.0,f,25-34
NL,2008,19.0,f,25-34
NO,2005,7.0,f,25-34
NO,2006,5.0,f,25-34
NO,2008,6.0,f,25-34
NR,2008,0.0,f,25-34
NZ,2008,13.0,f,25-34
OM,2008,10.0,f,25-34
PE,2008,1599.0,f,25-34
PF,2008,1.0,f,25-34
PL,2005,142.0,f,25-34
PL,2006,142.0,f,25-34
PL,2007,149.0,f,25-34
PL,2008,106.0,f,25-34
PR,2008,4.0,f,25-34
PS,2008,0.0,f,25-34
PT,2005,109.0,f,25-34
PT,2006,107.0,f,25-34
PT,2007,95.0,f,25-34
PT,2008,86.0,f,25-34
PY,2008,87.0,f,25-34
QA,2008,14.0,f,25-34
RO,2005,780.0,f,25-34
RO,2006,763.0,f,25-34
RO,2008,567.0,f,25-34
RS,2005,76.0,f,25-34
RS,2006,74.0,f,25-34
RS,2007,52.0,f,25-34
RS,2008,46.0,f,25-34
RU,2008,2569.0,f,25-34
SB,2008,23.0,f,25-34
SC,2008,0.0,f,25-34
SD,2008,962.0,f,25-34
SE,2005,15.0,f,25-34
SE,2006,14.0,f,25-34
SE,2007,11.0,f,25-34
SE,2008,13.0,f,25-34
SG,2008,16.0,f,25-34
SI,2005,4.0,f,25-34
SI,2006,7.0,f,25-34
SI,2007,5.0,f,25-34
SI,2008,7.0,f,25-34
SK,2005,8.0,f,25-34
SK,2006,6.0,f,25-34
SK,2007,3.0,f,25-34
SK,2008,4.0,f,25-34
SN,2008,659.0,f,25-34
SV,2008,71.0,f,25-34
SZ,2008,663.0,f,25-34
TJ,2005,185.0,f,25-34
TJ,2008,211.0,f,25-34
TM,2005,101.0,f,25-34
TM,2007,132.0,f,25-34
TO,2008,0.0,f,25-34
TR,2005,474.0,f,25-34
TR,2006,507.0,f,25-34
TR,2007,531.0,f,25-34
TR,2008,485.0,f,25-34
TT,2008,12.0,f,25-34
TV,2008,2.0,f,25-34
UA,2007,1661.0,f,25-34
UG,2008,2985.0,f,25-34
US,2008,329.0,f,25-34
UY,2008,35.0,f,25-34
UZ,2007,507.0,f,25-34
VE,2008,272.0,f,25-34
ZA,2008,21579.0,f,25-34
AD,2005,1.0,f,35-44
AD,2006,0.0,f,35-44
AD,2008,1.0,f,35-44
AE,2008,1.0,f,35-44
AL,2005,5.0,f,35-44
AL,2006,7.0,f,35-44
AL,2007,7.0,f,35-44
AM,2005,10.0,f,35-44
AM,2006,16.0,f,35-44
AM,2007,11.0,f,35-44
AM,2008,10.0,f,35-44
AR,2008,252.0,f,35-44
AT,2005,8.0,f,35-44
AT,2006,16.0,f,35-44
AZ,2005,47.0,f,35-44
AZ,2006,66.0,f,35-44
BA,2005,33.0,f,35-44
BA,2006,24.0,f,35-44
BA,2007,0.0,f,35-44
BA,2008,20.0,f,35-44
BB,2008,0.0,f,35-44
BE,2005,15.0,f,35-44
BE,2006,18.0,f,35-44
BE,2008,22.0,f,35-44
BG,2005,59.0,f,35-44
BG,2008,54.0,f,35-44
BH,2008,8.0,f,35-44
BN,2008,8.0,f,35-44
BR,2008,2266.0,f,35-44
BS,2008,4.0,f,35-44
BW,2008,226.0,f,35-44
BZ,2008,6.0,f,35-44
CA,2008,39.0,f,35-44
CH,2005,8.0,f,35-44
CH,2006,11.0,f,35-44
CH,2007,3.0,f,35-44
CH,2008,6.0,f,35-44
CM,2008,1027.0,f,35-44
CY,2005,0.0,f,35-44
CY,2006,0.0,f,35-44
CY,2007,1.0,f,35-44
CY,2008,1.0,f,35-44
CZ,2005,16.0,f,35-44
CZ,2006,12.0,f,35-44
CZ,2007,5.0,f,35-44
CZ,2008,8.0,f,35-44
DE,2005,73.0,f,35-44
DE,2006,77.0,f,35-44
DE,2007,152.0,f,35-44
DE,2008,61.0,f,35-44
DK,2005,13.0,f,35-44
DK,2006,9.0,f,35-44
DK,2007,8.0,f,35-44
DK,2008,5.0,f,35-44
DM,2008,0.0,f,35-44
DO,2008,163.0,f,35-44
EE,2005,8.0,f,35-44
EE,2006,10.0,f,35-44
EE,2007,5.0,f,35-44
EE,2008,6.0,f,35-44
EG,2008,308.0,f,35-44
ES,2005,151.0,f,35-44
ES,2006,137.0,f,35-44
ES,2007,136.0,f,35-44
ES,2008,173.0,f,35-44
FI,2005,1.0,f,35-44
FI,2006,3.0,f,35-44
FI,2007,2.0,f,35-44
FI,2008,2.0,f,35-44
FM,2008,5.0,f,35-44
FR,2005,82.0,f,35-44
FR,2006,91.0,f,35-44
FR,2007,91.0,f,35-44
FR,2008,71.0,f,35-44
GB,2005,80.0,f,35-44
GB,2006,112.0,f,35-44
GB,2007,91.0,f,35-44
GB,2008,90.0,f,35-44
GE,2006,71.0,f,35-44
GE,2007,67.0,f,35-44
GE,2008,252.0,f,35-44
GM,2008,90.0,f,35-44
GR,2005,8.0,f,35-44
GR,2006,8.0,f,35-44
GR,2007,11.0,f,35-44
GR,2008,2.0,f,35-44
GT,2008,162.0,f,35-44
GU,2008,0.0,f,35-44
GY,2008,13.0,f,35-44
HK,2008,65.0,f,35-44
HN,2008,114.0,f,35-44
HR,2005,15.0,f,35-44
HR,2006,16.0,f,35-44
HR,2008,13.0,f,35-44
HT,2008,677.0,f,35-44
HU,2005,11.0,f,35-44
HU,2006,19.0,f,35-44
HU,2007,18.0,f,35-44
HU,2008,15.0,f,35-44
ID,2008,13513.0,f,35-44
IE,2005,3.0,f,35-44
IE,2006,8.0,f,35-44
IE,2007,22.0,f,35-44
IE,2008,8.0,f,35-44
IL,2005,8.0,f,35-44
IL,2006,4.0,f,35-44
IL,2007,5.0,f,35-44
IL,2008,14.0,f,35-44
IQ,2008,125.0,f,35-44
IR,2008,137.0,f,35-44
IS,2005,0.0,f,35-44
IS,2006,0.0,f,35-44
IS,2007,2.0,f,35-44
IS,2008,0.0,f,35-44
IT,2005,56.0,f,35-44
IT,2006,82.0,f,35-44
IT,2007,58.0,f,35-44
IT,2008,56.0,f,35-44
JM,2008,3.0,f,35-44
JO,2008,6.0,f,35-44
JP,2008,230.0,f,35-44
KE,2008,2431.0,f,35-44
KG,2005,141.0,f,35-44
KI,2008,12.0,f,35-44
KM,2008,1.0,f,35-44
KN,2008,0.0,f,35-44
KP,2008,2428.0,f,35-44
KR,2008,483.0,f,35-44
KW,2008,27.0,f,35-44
KZ,2005,436.0,f,35-44
KZ,2007,367.0,f,35-44
KZ,2008,320.0,f,35-44
LB,2008,15.0,f,35-44
LC,2008,3.0,f,35-44
LR,2008,367.0,f,35-44
LS,2008,358.0,f,35-44
LT,2005,57.0,f,35-44
LT,2006,56.0,f,35-44
LT,2007,48.0,f,35-44
LT,2008,46.0,f,35-44
LU,2005,1.0,f,35-44
LU,2006,2.0,f,35-44
LU,2007,0.0,f,35-44
LU,2008,0.0,f,35-44
LV,2005,31.0,f,35-44
LV,2006,33.0,f,35-44
LV,2008,26.0,f,35-44
LY,2008,22.0,f,35-44
MA,2008,479.0,f,35-44
MD,2005,57.0,f,35-44
MD,2007,57.0,f,35-44
MD,2008,57.0,f,35-44
ME,2005,3.0,f,35-44
ME,2007,4.0,f,35-44
ME,2008,5.0,f,35-44
MG,2008,1352.0,f,35-44
MH,2008,4.0,f,35-44
MK,2005,10.0,f,35-44
MK,2006,9.0,f,35-44
MK,2007,9.0,f,35-44
MK,2008,14.0,f,35-44
ML,2008,320.0,f,35-44
MO,2008,5.0,f,35-44
MP,2008,2.0,f,35-44
MT,2005,0.0,f,35-44
MT,2006,0.0,f,35-44
MT,2007,0.0,f,35-44
MT,2008,0.0,f,35-44
MU,2008,2.0,f,35-44
MX,2008,710.0,f,35-44
MY,2008,906.0,f,35-44
NC,2008,0.0,f,35-44
NL,2005,11.0,f,35-44
NL,2006,12.0,f,35-44
NL,2007,17.0,f,35-44
NL,2008,14.0,f,35-44
NO,2005,2.0,f,35-44
NO,2006,2.0,f,35-44
NO,2008,4.0,f,35-44
NR,2008,0.0,f,35-44
NZ,2008,9.0,f,35-44
OM,2008,4.0,f,35-44
PE,2008,1112.0,f,35-44
PF,2008,1.0,f,35-44
PL,2005,112.0,f,35-44
PL,2006,112.0,f,35-44
PL,2007,120.0,f,35-44
PL,2008,112.0,f,35-44
PR,2008,3.0,f,35-44
PS,2008,0.0,f,35-44
PT,2005,66.0,f,35-44
PT,2006,85.0,f,35-44
PT,2007,61.0,f,35-44
PT,2008,55.0,f,35-44
PY,2008,60.0,f,35-44
QA,2008,6.0,f,35-44
RO,2005,493.0,f,35-44
RO,2006,448.0,f,35-44
RO,2008,518.0,f,35-44
RS,2005,55.0,f,35-44
RS,2006,43.0,f,35-44
RS,2007,43.0,f,35-44
RS,2008,33.0,f,35-44
RU,2008,1707.0,f,35-44
SB,2008,11.0,f,35-44
SC,2008,0.0,f,35-44
SD,2008,841.0,f,35-44
SE,2005,12.0,f,35-44
SE,2006,9.0,f,35-44
SE,2007,8.0,f,35-44
SE,2008,5.0,f,35-44
SG,2008,20.0,f,35-44
SI,2005,6.0,f,35-44
SI,2006,4.0,f,35-44
SI,2007,6.0,f,35-44
SI,2008,2.0,f,35-44
SK,2005,9.0,f,35-44
SK,2006,7.0,f,35-44
SK,2007,5.0,f,35-44
SK,2008,4.0,f,35-44
SN,2008,368.0,f,35-44
SV,2008,55.0,f,35-44
SZ,2008,309.0,f,35-44
TJ,2005,151.0,f,35-44
TJ,2008,121.0,f,35-44
TM,2005,72.0,f,35-44
TM,2007,81.0,f,35-44
TO,2008,0.0,f,35-44
TR,2005,243.0,f,35-44
TR,2006,235.0,f,35-44
TR,2007,246.0,f,35-44
TR,2008,233.0,f,35-44
TT,2008,4.0,f,35-44
TV,2008,2.0,f,35-44
UA,2007,1314.0,f,35-44
UG,2008,1749.0,f,35-44
US,2008,269.0,f,35-44
UY,2008,26.0,f,35-44
UZ,2007,342.0,f,35-44
VE,2008,228.0,f,35-44
ZA,2008,13778.0,f,35-44
AD,2005,0.0,f,45-54
AD,2006,1.0,f,45-54
AD,2008,1.0,f,45-54
AE,2008,1.0,f,45-54
AL,2005,5.0,f,45-54
AL,2006,7.0,f,45-54
AL,2007,7.0,f,45-54
AM,2005,11.0,f,45-54
AM,2006,15.0,f,45-54
AM,2007,7.0,f,45-54
AM,2008,14.0,f,45-54
AR,2008,221.0,f,45-54
AT,2005,3.0,f,45-54
AT,2006,5.0,f,45-54
AZ,2005,32.0,f,45-54
AZ,2006,44.0,f,45-54
BA,2005,28.0,f,45-54
BA,2006,29.0,f,45-54
BA,2007,0.0,f,45-54
BA,2008,11.0,f,45-54
BB,2008,0.0,f,45-54
BE,2005,12.0,f,45-54
BE,2006,6.0,f,45-54
BE,2008,8.0,f,45-54
BG,2005,29.0,f,45-54
BG,2008,31.0,f,45-54
BH,2008,1.0,f,45-54
BN,2008,7.0,f,45-54
BR,2008,1669.0,f,45-54
BS,2008,0.0,f,45-54
BW,2008,135.0,f,45-54
BZ,2008,4.0,f,45-54
CA,2008,27.0,f,45-54
CH,2005,3.0,f,45-54
CH,2006,5.0,f,45-54
CH,2007,0.0,f,45-54
CH,2008,2.0,f,45-54
CM,2008,568.0,f,45-54
CY,2005,0.0,f,45-54
CY,2006,0.0,f,45-54
CY,2007,0.0,f,45-54
CY,2008,0.0,f,45-54
CZ,2005,7.0,f,45-54
CZ,2006,10.0,f,45-54
CZ,2007,9.0,f,45-54
CZ,2008,5.0,f,45-54
DE,2005,43.0,f,45-54
DE,2006,39.0,f,45-54
DE,2007,116.0,f,45-54
DE,2008,41.0,f,45-54
DK,2005,9.0,f,45-54
DK,2006,5.0,f,45-54
DK,2007,4.0,f,45-54
DK,2008,8.0,f,45-54
DM,2008,0.0,f,45-54
DO,2008,96.0,f,45-54
EE,2005,11.0,f,45-54
EE,2006,9.0,f,45-54
EE,2007,8.0,f,45-54
EE,2008,8.0,f,45-54
EG,2008,195.0,f,45-54
ES,2005,63.0,f,45-54
ES,2006,48.0,f,45-54
ES,2007,63.0,f,45-54
ES,2008,68.0,f,45-54
FI,2005,0.0,f,45-54
FI,2006,4.0,f,45-54
FI,2007,5.0,f,45-54
FI,2008,4.0,f,45-54
FM,2008,1.0,f,45-54
FR,2005,56.0,f,45-54
FR,2006,67.0,f,45-54
FR,2007,56.0,f,45-54
FR,2008,50.0,f,45-54
GB,2005,39.0,f,45-54
GB,2006,60.0,f,45-54
GB,2007,58.0,f,45-54
GB,2008,27.0,f,45-54
GE,2006,60.0,f,45-54
GE,2007,54.0,f,45-54
GE,2008,171.0,f,45-54
GM,2008,43.0,f,45-54
GR,2005,7.0,f,45-54
GR,2006,5.0,f,45-54
GR,2007,8.0,f,45-54
GR,2008,4.0,f,45-54
GT,2008,154.0,f,45-54
GU,2008,1.0,f,45-54
GY,2008,12.0,f,45-54
HK,2008,45.0,f,45-54
HN,2008,90.0,f,45-54
HR,2005,11.0,f,45-54
HR,2006,22.0,f,45-54
HR,2008,15.0,f,45-54
HT,2008,378.0,f,45-54
HU,2005,22.0,f,45-54
HU,2006,28.0,f,45-54
HU,2007,17.0,f,45-54
HU,2008,12.0,f,45-54
ID,2008,11899.0,f,45-54
IE,2005,3.0,f,45-54
IE,2006,4.0,f,45-54
IE,2007,14.0,f,45-54
IE,2008,3.0,f,45-54
IL,2005,6.0,f,45-54
IL,2006,4.0,f,45-54
IL,2007,3.0,f,45-54
IL,2008,8.0,f,45-54
IQ,2008,175.0,f,45-54
IR,2008,263.0,f,45-54
IS,2005,0.0,f,45-54
IS,2006,0.0,f,45-54
IS,2007,0.0,f,45-54
IS,2008,0.0,f,45-54
IT,2005,25.0,f,45-54
IT,2006,48.0,f,45-54
IT,2007,31.0,f,45-54
IT,2008,24.0,f,45-54
JM,2008,1.0,f,45-54
JO,2008,4.0,f,45-54
JP,2008,173.0,f,45-54
KE,2008,1065.0,f,45-54
KG,2005,70.0,f,45-54
KI,2008,9.0,f,45-54
KM,2008,6.0,f,45-54
KN,2008,1.0,f,45-54
KP,2008,2282.0,f,45-54
KR,2008,402.0,f,45-54
KW,2008,7.0,f,45-54
KZ,2005,286.0,f,45-54
KZ,2007,249.0,f,45-54
KZ,2008,230.0,f,45-54
LB,2008,7.0,f,45-54
LC,2008,2.0,f,45-54
LR,2008,298.0,f,45-54
LS,2008,146.0,f,45-54
LT,2005,49.0,f,45-54
LT,2006,52.0,f,45-54
LT,2007,50.0,f,45-54
LT,2008,36.0,f,45-54
LU,2005,1.0,f,45-54
LU,2006,0.0,f,45-54
LU,2007,0.0,f,45-54
LU,2008,0.0,f,45-54
LV,2005,23.0,f,45-54
LV,2006,28.0,f,45-54
LV,2008,21.0,f,45-54
LY,2008,20.0,f,45-54
MA,2008,360.0,f,45-54
MD,2005,61.0,f,45-54
MD,2007,58.0,f,45-54
MD,2008,52.0,f,45-54
ME,2005,4.0,f,45-54
ME,2007,3.0,f,45-54
ME,2008,10.0,f,45-54
MG,2008,911.0,f,45-54
MH,2008,5.0,f,45-54
MK,2005,7.0,f,45-54
MK,2006,6.0,f,45-54
MK,2007,4.0,f,45-54
MK,2008,8.0,f,45-54
ML,2008,245.0,f,45-54
MO,2008,6.0,f,45-54
MP,2008,0.0,f,45-54
MT,2005,0.0,f,45-54
MT,2006,0.0,f,45-54
MT,2007,0.0,f,45-54
MT,2008,0.0,f,45-54
MU,2008,5.0,f,45-54
MX,2008,774.0,f,45-54
MY,2008,878.0,f,45-54
NC,2008,0.0,f,45-54
NL,2005,9.0,f,45-54
NL,2006,5.0,f,45-54
NL,2007,6.0,f,45-54
NL,2008,6.0,f,45-54
NO,2005,1.0,f,45-54
NO,2006,2.0,f,45-54
NO,2008,0.0,f,45-54
NR,2008,0.0,f,45-54
NZ,2008,3.0,f,45-54
OM,2008,4.0,f,45-54
PE,2008,791.0,f,45-54
PF,2008,0.0,f,45-54
PL,2005,151.0,f,45-54
PL,2006,118.0,f,45-54
PL,2007,132.0,f,45-54
PL,2008,132.0,f,45-54
PR,2008,2.0,f,45-54
PS,2008,1.0,f,45-54
PT,2005,29.0,f,45-54
PT,2006,33.0,f,45-54
PT,2007,27.0,f,45-54
PT,2008,38.0,f,45-54
PY,2008,61.0,f,45-54
QA,2008,2.0,f,45-54
RO,2005,374.0,f,45-54
RO,2006,334.0,f,45-54
RO,2008,320.0,f,45-54
RS,2005,49.0,f,45-54
RS,2006,44.0,f,45-54
RS,2007,43.0,f,45-54
RS,2008,39.0,f,45-54
RU,2008,1530.0,f,45-54
SB,2008,13.0,f,45-54
SC,2008,0.0,f,45-54
SD,2008,601.0,f,45-54
SE,2005,5.0,f,45-54
SE,2006,1.0,f,45-54
SE,2007,4.0,f,45-54
SE,2008,4.0,f,45-54
SG,2008,26.0,f,45-54
SI,2005,5.0,f,45-54
SI,2006,2.0,f,45-54
SI,2007,2.0,f,45-54
SI,2008,5.0,f,45-54
SK,2005,5.0,f,45-54
SK,2006,4.0,f,45-54
SK,2007,6.0,f,45-54
SK,2008,5.0,f,45-54
SN,2008,230.0,f,45-54
SV,2008,42.0,f,45-54
SZ,2008,114.0,f,45-54
TJ,2005,89.0,f,45-54
TJ,2008,101.0,f,45-54
TM,2005,46.0,f,45-54
TM,2007,69.0,f,45-54
TO,2008,1.0,f,45-54
TR,2005,175.0,f,45-54
TR,2006,155.0,f,45-54
TR,2007,165.0,f,45-54
TR,2008,152.0,f,45-54
TT,2008,8.0,f,45-54
TV,2008,1.0,f,45-54
UA,2007,855.0,f,45-54
UG,2008,862.0,f,45-54
US,2008,224.0,f,45-54
UY,2008,15.0,f,45-54
UZ,2007,255.0,f,45-54
VE,2008,171.0,f,45-54
ZA,2008,7146.0,f,45-54
AD,2005,0.0,f,55-64
AD,2006,0.0,f,55-64
AD,2008,0.0,f,55-64
AE,2008,3.0,f,55-64
AL,2005,5.0,f,55-64
AL,2006,7.0,f,55-64
AL,2007,11.0,f,55-64
AM,2005,4.0,f,55-64
AM,2006,7.0,f,55-64
AM,2007,7.0,f,55-64
AM,2008,10.0,f,55-64
AR,2008,157.0,f,55-64
AT,2005,5.0,f,55-64
AT,2006,3.0,f,55-64
AZ,2005,24.0,f,55-64
AZ,2006,15.0,f,55-64
BA,2005,28.0,f,55-64
BA,2006,20.0,f,55-64
BA,2007,0.0,f,55-64
BA,2008,6.0,f,55-64
BB,2008,0.0,f,55-64
BE,2005,4.0,f,55-64
BE,2006,7.0,f,55-64
BE,2008,3.0,f,55-64
BG,2005,37.0,f,55-64
BG,2008,23.0,f,55-64
BH,2008,0.0,f,55-64
BN,2008,7.0,f,55-64
BR,2008,964.0,f,55-64
BS,2008,0.0,f,55-64
BW,2008,51.0,f,55-64
BZ,2008,3.0,f,55-64
CA,2008,20.0,f,55-64
CH,2005,2.0,f,55-64
CH,2006,1.0,f,55-64
CH,2007,3.0,f,55-64
CH,2008,1.0,f,55-64
CM,2008,234.0,f,55-64
CY,2005,0.0,f,55-64
CY,2006,0.0,f,55-64
CY,2007,0.0,f,55-64
CY,2008,0.0,f,55-64
CZ,2005,5.0,f,55-64
CZ,2006,6.0,f,55-64
CZ,2007,5.0,f,55-64
CZ,2008,10.0,f,55-64
DE,2005,37.0,f,55-64
DE,2006,24.0,f,55-64
DE,2007,46.0,f,55-64
DE,2008,33.0,f,55-64
DK,2005,3.0,f,55-64
DK,2006,5.0,f,55-64
DK,2007,5.0,f,55-64
DK,2008,4.0,f,55-64
DM,2008,0.0,f,55-64
DO,2008,55.0,f,55-64
EE,2005,6.0,f,55-64
EE,2006,4.0,f,55-64
EE,2007,7.0,f,55-64
EE,2008,4.0,f,55-64
EG,2008,169.0,f,55-64
ES,2005,24.0,f,55-64
ES,2006,19.0,f,55-64
ES,2007,23.0,f,55-64
ES,2008,16.0,f,55-64
FI,2005,6.0,f,55-64
FI,2006,1.0,f,55-64
FI,2007,0.0,f,55-64
FI,2008,2.0,f,55-64
FM,2008,0.0,f,55-64
FR,2005,38.0,f,55-64
FR,2006,44.0,f,55-64
FR,2007,61.0,f,55-64
FR,2008,38.0,f,55-64
GB,2005,28.0,f,55-64
GB,2006,42.0,f,55-64
GB,2007,45.0,f,55-64
GB,2008,28.0,f,55-64
GE,2006,26.0,f,55-64
GE,2007,17.0,f,55-64
GE,2008,109.0,f,55-64
GM,2008,45.0,f,55-64
GR,2005,2.0,f,55-64
GR,2006,6.0,f,55-64
GR,2007,3.0,f,55-64
GR,2008,3.0,f,55-64
GT,2008,100.0,f,55-64
GU,2008,1.0,f,55-64
GY,2008,3.0,f,55-64
HK,2008,40.0,f,55-64
HN,2008,82.0,f,55-64
HR,2005,6.0,f,55-64
HR,2006,7.0,f,55-64
HR,2008,12.0,f,55-64
HT,2008,179.0,f,55-64
HU,2005,15.0,f,55-64
HU,2006,11.0,f,55-64
HU,2007,6.0,f,55-64
HU,2008,5.0,f,55-64
ID,2008,8485.0,f,55-64
IE,2005,0.0,f,55-64
IE,2006,3.0,f,55-64
IE,2007,2.0,f,55-64
IE,2008,3.0,f,55-64
IL,2005,1.0,f,55-64
IL,2006,2.0,f,55-64
IL,2007,6.0,f,55-64
IL,2008,4.0,f,55-64
IQ,2008,161.0,f,55-64
IR,2008,367.0,f,55-64
IS,2005,0.0,f,55-64
IS,2006,0.0,f,55-64
IS,2007,0.0,f,55-64
IS,2008,0.0,f,55-64
IT,2005,19.0,f,55-64
IT,2006,16.0,f,55-64
IT,2007,19.0,f,55-64
IT,2008,21.0,f,55-64
JM,2008,1.0,f,55-64
JO,2008,7.0,f,55-64
JP,2008,253.0,f,55-64
KE,2008,481.0,f,55-64
KG,2005,33.0,f,55-64
KI,2008,3.0,f,55-64
KM,2008,2.0,f,55-64
KN,2008,0.0,f,55-64
KP,2008,1177.0,f,55-64
KR,2008,360.0,f,55-64
KW,2008,5.0,f,55-64
KZ,2005,121.0,f,55-64
KZ,2007,124.0,f,55-64
KZ,2008,137.0,f,55-64
LB,2008,3.0,f,55-64
LC,2008,1.0,f,55-64
LR,2008,170.0,f,55-64
LS,2008,76.0,f,55-64
LT,2005,23.0,f,55-64
LT,2006,38.0,f,55-64
LT,2007,22.0,f,55-64
LT,2008,18.0,f,55-64
LU,2005,1.0,f,55-64
LU,2006,1.0,f,55-64
LU,2007,0.0,f,55-64
LU,2008,0.0,f,55-64
LV,2005,18.0,f,55-64
LV,2006,9.0,f,55-64
LV,2008,9.0,f,55-64
LY,2008,9.0,f,55-64
MA,2008,290.0,f,55-64
MD,2005,23.0,f,55-64
MD,2007,25.0,f,55-64
MD,2008,22.0,f,55-64
ME,2005,0.0,f,55-64
ME,2007,3.0,f,55-64
ME,2008,4.0,f,55-64
MG,2008,383.0,f,55-64
MH,2008,1.0,f,55-64
MK,2005,5.0,f,55-64
MK,2006,7.0,f,55-64
MK,2007,4.0,f,55-64
MK,2008,7.0,f,55-64
ML,2008,172.0,f,55-64
MO,2008,6.0,f,55-64
MP,2008,1.0,f,55-64
MT,2005,0.0,f,55-64
MT,2006,0.0,f,55-64
MT,2007,0.0,f,55-64
MT,2008,0.0,f,55-64
MU,2008,2.0,f,55-64
MX,2008,699.0,f,55-64
MY,2008,648.0,f,55-64
NC,2008,0.0,f,55-64
NL,2005,1.0,f,55-64
NL,2006,3.0,f,55-64
NL,2007,5.0,f,55-64
NL,2008,6.0,f,55-64
NO,2005,0.0,f,55-64
NO,2006,1.0,f,55-64
NO,2008,1.0,f,55-64
NR,2008,0.0,f,55-64
NZ,2008,3.0,f,55-64
OM,2008,5.0,f,55-64
PE,2008,373.0,f,55-64
PF,2008,1.0,f,55-64
PL,2005,63.0,f,55-64
PL,2006,72.0,f,55-64
PL,2007,79.0,f,55-64
PL,2008,77.0,f,55-64
PR,2008,3.0,f,55-64
PS,2008,2.0,f,55-64
PT,2005,11.0,f,55-64
PT,2006,22.0,f,55-64
PT,2007,12.0,f,55-64
PT,2008,15.0,f,55-64
PY,2008,42.0,f,55-64
QA,2008,0.0,f,55-64
RO,2005,219.0,f,55-64
RO,2006,224.0,f,55-64
RO,2008,225.0,f,55-64
RS,2005,22.0,f,55-64
RS,2006,44.0,f,55-64
RS,2007,26.0,f,55-64
RS,2008,26.0,f,55-64
RU,2008,687.0,f,55-64
SB,2008,3.0,f,55-64
SC,2008,0.0,f,55-64
SD,2008,344.0,f,55-64
SE,2005,3.0,f,55-64
SE,2006,2.0,f,55-64
SE,2007,1.0,f,55-64
SE,2008,1.0,f,55-64
SG,2008,17.0,f,55-64
SI,2005,4.0,f,55-64
SI,2006,4.0,f,55-64
SI,2007,3.0,f,55-64
SI,2008,2.0,f,55-64
SK,2005,6.0,f,55-64
SK,2006,3.0,f,55-64
SK,2007,3.0,f,55-64
SK,2008,1.0,f,55-64
SN,2008,148.0,f,55-64
SV,2008,40.0,f,55-64
SZ,2008,57.0,f,55-64
TJ,2005,43.0,f,55-64
TJ,2008,40.0,f,55-64
TM,2005,27.0,f,55-64
TM,2007,36.0,f,55-64
TO,2008,2.0,f,55-64
TR,2005,166.0,f,55-64
TR,2006,149.0,f,55-64
TR,2007,128.0,f,55-64
TR,2008,139.0,f,55-64
TT,2008,4.0,f,55-64
TV,2008,0.0,f,55-64
UA,2007,438.0,f,55-64
UG,2008,314.0,f,55-64
US,2008,172.0,f,55-64
UY,2008,13.0,f,55-64
UZ,2007,235.0,f,55-64
VE,2008,146.0,f,55-64
ZA,2008,3234.0,f,55-64
AD,2005,0.0,f,65+
AD,2006,0.0,f,65+
AD,2008,0.0,f,65+
AE,2008,3.0,f,65+
AL,2005,18.0,f,65+
AL,2006,13.0,f,65+
AL,2007,9.0,f,65+
AM,2005,7.0,f,65+
AM,2006,4.0,f,65+
AM,2007,7.0,f,65+
AM,2008,11.0,f,65+
AR,2008,204.0,f,65+
AT,2005,10.0,f,65+
AT,2006,15.0,f,65+
AZ,2005,24.0,f,65+
AZ,2006,8.0,f,65+
BA,2005,130.0,f,65+
BA,2006,88.0,f,65+
BA,2007,0.0,f,65+
BA,2008,112.0,f,65+
BB,2008,0.0,f,65+
BE,2005,23.0,f,65+
BE,2006,22.0,f,65+
BE,2008,12.0,f,65+
BG,2005,70.0,f,65+
BG,2008,44.0,f,65+
BH,2008,0.0,f,65+
BN,2008,10.0,f,65+
BR,2008,879.0,f,65+
BS,2008,0.0,f,65+
BW,2008,30.0,f,65+
BZ,2008,8.0,f,65+
CA,2008,45.0,f,65+
CH,2005,4.0,f,65+
CH,2006,2.0,f,65+
CH,2007,7.0,f,65+
CH,2008,1.0,f,65+
CM,2008,148.0,f,65+
CY,2005,0.0,f,65+
CY,2006,0.0,f,65+
CY,2007,0.0,f,65+
CY,2008,0.0,f,65+
CZ,2005,28.0,f,65+
CZ,2006,30.0,f,65+
CZ,2007,28.0,f,65+
CZ,2008,23.0,f,65+
DE,2005,103.0,f,65+
DE,2006,102.0,f,65+
DE,2007,178.0,f,65+
DE,2008,71.0,f,65+
DK,2005,5.0,f,65+
DK,2006,4.0,f,65+
DK,2007,8.0,f,65+
DK,2008,1.0,f,65+
DM,2008,0.0,f,65+
DO,2008,52.0,f,65+
EE,2005,8.0,f,65+
EE,2006,6.0,f,65+
EE,2007,6.0,f,65+
EE,2008,15.0,f,65+
EG,2008,113.0,f,65+
ES,2005,108.0,f,65+
ES,2006,77.0,f,65+
ES,2007,93.0,f,65+
ES,2008,73.0,f,65+
FI,2005,20.0,f,65+
FI,2006,19.0,f,65+
FI,2007,13.0,f,65+
FI,2008,14.0,f,65+
FM,2008,0.0,f,65+
FR,2005,180.0,f,65+
FR,2006,170.0,f,65+
FR,2007,188.0,f,65+
FR,2008,101.0,f,65+
GB,2005,83.0,f,65+
GB,2006,97.0,f,65+
GB,2007,138.0,f,65+
GB,2008,62.0,f,65+
GE,2006,34.0,f,65+
GE,2007,46.0,f,65+
GE,2008,160.0,f,65+
GM,2008,8.0,f,65+
GR,2005,17.0,f,65+
GR,2006,24.0,f,65+
GR,2007,24.0,f,65+
GR,2008,7.0,f,65+
GT,2008,101.0,f,65+
GU,2008,3.0,f,65+
GY,2008,7.0,f,65+
HK,2008,131.0,f,65+
HN,2008,116.0,f,65+
HR,2005,56.0,f,65+
HR,2006,59.0,f,65+
HR,2008,44.0,f,65+
HT,2008,139.0,f,65+
HU,2005,33.0,f,65+
HU,2006,29.0,f,65+
HU,2007,29.0,f,65+
HU,2008,25.0,f,65+
ID,2008,3143.0,f,65+
IE,2005,8.0,f,65+
IE,2006,3.0,f,65+
IE,2007,4.0,f,65+
IE,2008,2.0,f,65+
IL,2005,9.0,f,65+
IL,2006,7.0,f,65+
IL,2007,14.0,f,65+
IL,2008,19.0,f,65+
IQ,2008,125.0,f,65+
IR,2008,879.0,f,65+
IS,2005,0.0,f,65+
IS,2006,1.0,f,65+
IS,2007,2.0,f,65+
IS,2008,0.0,f,65+
IT,2005,70.0,f,65+
IT,2006,88.0,f,65+
IT,2007,76.0,f,65+
IT,2008,56.0,f,65+
JM,2008,6.0,f,65+
JO,2008,3.0,f,65+
JP,2008,1872.0,f,65+
KE,2008,296.0,f,65+
KG,2005,98.0,f,65+
KI,2008,4.0,f,65+
KM,2008,2.0,f,65+
KN,2008,0.0,f,65+
KP,2008,604.0,f,65+
KR,2008,1889.0,f,65+
KW,2008,6.0,f,65+
KZ,2005,187.0,f,65+
KZ,2007,157.0,f,65+
KZ,2008,185.0,f,65+
LB,2008,2.0,f,65+
LC,2008,2.0,f,65+
LR,2008,44.0,f,65+
LS,2008,54.0,f,65+
LT,2005,54.0,f,65+
LT,2006,53.0,f,65+
LT,2007,37.0,f,65+
LT,2008,44.0,f,65+
LU,2005,0.0,f,65+
LU,2006,1.0,f,65+
LU,2007,0.0,f,65+
LU,2008,0.0,f,65+
LV,2005,12.0,f,65+
LV,2006,13.0,f,65+
LV,2008,12.0,f,65+
LY,2008,17.0,f,65+
MA,2008,358.0,f,65+
MD,2005,18.0,f,65+
MD,2007,25.0,f,65+
MD,2008,25.0,f,65+
ME,2005,8.0,f,65+
ME,2007,1.0,f,65+
ME,2008,7.0,f,65+
MG,2008,171.0,f,65+
MH,2008,0.0,f,65+
MK,2005,13.0,f,65+
MK,2006,11.0,f,65+
MK,2007,8.0,f,65+
MK,2008,10.0,f,65+
ML,2008,121.0,f,65+
MO,2008,5.0,f,65+
MP,2008,0.0,f,65+
MT,2005,0.0,f,65+
MT,2006,0.0,f,65+
MT,2007,0.0,f,65+
MT,2008,2.0,f,65+
MU,2008,1.0,f,65+
MX,2008,836.0,f,65+
MY,2008,657.0,f,65+
NC,2008,1.0,f,65+
NL,2005,4.0,f,65+
NL,2006,10.0,f,65+
NL,2007,12.0,f,65+
NL,2008,7.0,f,65+
NO,2005,3.0,f,65+
NO,2006,3.0,f,65+
NO,2008,6.0,f,65+
NR,2008,0.0,f,65+
NZ,2008,9.0,f,65+
OM,2008,1.0,f,65+
PE,2008,899.0,f,65+
PF,2008,2.0,f,65+
PL,2005,316.0,f,65+
PL,2006,318.0,f,65+
PL,2007,277.0,f,65+
PL,2008,264.0,f,65+
PR,2008,0.0,f,65+
PS,2008,0.0,f,65+
PT,2005,42.0,f,65+
PT,2006,41.0,f,65+
PT,2007,26.0,f,65+
PT,2008,39.0,f,65+
PY,2008,56.0,f,65+
QA,2008,2.0,f,65+
RO,2005,442.0,f,65+
RO,2006,465.0,f,65+
RO,2008,499.0,f,65+
RS,2005,149.0,f,65+
RS,2006,152.0,f,65+
RS,2007,135.0,f,65+
RS,2008,138.0,f,65+
RU,2008,835.0,f,65+
SB,2008,2.0,f,65+
SC,2008,0.0,f,65+
SD,2008,235.0,f,65+
SE,2005,13.0,f,65+
SE,2006,10.0,f,65+
SE,2007,12.0,f,65+
SE,2008,6.0,f,65+
SG,2008,33.0,f,65+
SI,2005,16.0,f,65+
SI,2006,19.0,f,65+
SI,2007,16.0,f,65+
SI,2008,7.0,f,65+
SK,2005,27.0,f,65+
SK,2006,20.0,f,65+
SK,2007,28.0,f,65+
SK,2008,17.0,f,65+
SN,2008,97.0,f,65+
SV,2008,66.0,f,65+
SZ,2008,19.0,f,65+
TJ,2005,53.0,f,65+
TJ,2008,73.0,f,65+
TM,2005,8.0,f,65+
TM,2007,35.0,f,65+
TO,2008,0.0,f,65+
TR,2005,213.0,f,65+
TR,2006,256.0,f,65+
TR,2007,255.0,f,65+
TR,2008,236.0,f,65+
TT,2008,7.0,f,65+
TV,2008,0.0,f,65+
UA,2007,861.0,f,65+
UG,2008,206.0,f,65+
US,2008,300.0,f,65+
UY,2008,13.0,f,65+
UZ,2007,436.0,f,65+
VE,2008,182.0,f,65+
ZA,2008,2117.0,f,65+
